ISO,REF_AREA_LABEL,1990,1991,1992,1993,1994,1995,1996,1997,1998,1999,2000,2001,2002,2003,2004,2005,2006,2007,2008,2009,2010,2011,2012,2013,2014,2015,2016,2017,2018,2019,2020,2021,2022,2023,2024
ABW,Aruba,50.319,50.304,49.998,49.588,49.177,48.767,48.356,47.946,47.536,47.127,46.717,46.339,45.972,45.606,45.24,44.875,44.511,44.147,43.783,43.421,43.059,42.94,42.957,42.99,43.041,43.108,43.192,43.293,43.411,43.546,43.697,43.866,44.052,44.254,44.474
AFE,Africa Eastern and Southern,25.30871439140428,25.74256550524447,26.16629412175098,26.60729398739791,27.03757489849472,27.408217689318988,27.68569717749504,27.958082681611327,28.24592081358982,28.53289306990465,28.81336082821008,29.11001117243305,29.42389031586945,29.73486972195526,30.048039781262748,30.38099533928765,30.704020023886983,30.95824502715167,31.36278288047615,31.774237305059643,32.19559534712205,32.62806882295924,33.05274222339298,33.49655655729982,33.959633110123086,34.44728076174758,34.91954437615073,35.39628945792024,35.893397926218086,36.38427228781498,36.88403448173588,37.39363252917165,37.90901202118315,38.424898053025615,38.94911406635631
AFG,Afghanistan,21.177,21.266,21.355,21.444,21.534,21.624,21.714,21.805,21.895,21.986,22.078,22.169,22.261,22.353,22.5,22.703,22.907,23.113,23.32,23.528,23.737,23.948,24.16,24.373,24.587,24.803,25.02,25.25,25.495,25.754,26.026,26.314,26.616,26.933,27.265
AFW,Africa Western and Central,30.960097945997752,31.40117690649403,31.829515746326003,32.25256110544723,32.66171860275225,33.06509046167383,33.47422310352655,33.929860888171504,34.3971425862883,34.86816864921812,35.34169825818123,35.95103460123484,36.562771447710944,37.18311439202231,37.81095224431807,38.44837936545106,39.09461156297882,39.738590709920594,40.37950940075764,41.0233922174474,41.672422622892576,42.31642609921842,42.95683755227759,43.58795259273493,44.21827849104629,44.84909949169733,45.47385022615293,46.094136558081935,46.70975261622167,47.32261735761258,47.931020957579705,48.53197105904645,49.12980798683633,49.711184124734594,50.28093441098653
AGO,Angola,37.144,38.58,40.039,41.511,43.0,44.169,45.346,46.525,47.71,48.897,50.087,51.274,52.461,53.645,54.827,56.0,56.764,57.524,58.282,59.034,59.783,60.528,61.268,62.002,62.731,63.446,64.149,64.839,65.514,66.177,66.825,67.46,68.081,68.688,69.281
ALB,Albania,36.428,36.7,37.249,37.799,38.354,38.911,39.473,40.035,40.601,41.169,41.741,42.435,43.501,44.573,45.651,46.731,47.815,48.902,49.991,51.076,52.163,53.247,54.33,55.387,56.423,57.434,58.421,59.383,60.319,61.229,62.112,62.969,63.799,64.603,65.38
AND,Andorra,94.712,94.53,94.324,94.111,93.89,93.661,93.425,93.18,92.927,92.666,92.395,92.056,91.641,91.207,90.751,90.285,89.807,89.308,89.004,88.912,88.819,88.726,88.631,88.537,88.441,88.345,88.248,88.15,88.062,87.984,87.916,87.858,87.811,87.774,87.747
ARB,Arab World,49.265325548942975,49.64794287732179,50.18666413703323,50.6087943973716,50.8912843416396,51.09945928313975,51.30838225937827,51.55110522012923,51.80389106294419,52.0579641108858,52.32627230831084,52.61617934765244,52.90516179654078,53.20512933428656,53.506593601414245,53.85313719630386,54.22887598858015,54.49378807283688,54.9030113257958,55.29603825254991,55.565492547110814,55.8725648894499,56.16570524071116,56.54953715402084,56.90481489170874,57.3250720145106,57.65310274509767,57.86274721241137,58.01048422920735,58.20454210605277,58.496674130508886,58.66292660214408,59.05426701714085,59.46705029585632,59.88367215447244
ARE,United Arab Emirates,79.051,78.906,78.76,78.614,78.467,78.319,78.493,78.938,79.378,79.81,80.236,80.655,81.067,81.472,81.871,82.262,82.648,83.023,83.387,83.742,84.087,84.423,84.749,85.066,85.375,85.674,85.965,86.248,86.522,86.789,87.048,87.299,87.543,87.779,88.008
ARG,Argentina,86.984,87.328,87.542,87.752,87.96,88.164,88.366,88.564,88.759,88.952,89.142,89.329,89.51,89.686,89.86,90.031,90.2,90.366,90.53,90.691,90.849,90.99,91.121,91.249,91.377,91.503,91.627,91.749,91.87,91.991,92.111,92.229,92.347,92.463,92.579
ARM,Armenia,67.421,67.15,66.878,66.606,66.332,66.057,65.781,65.504,65.226,64.947,64.666,64.385,64.236,64.137,64.038,63.938,63.839,63.739,63.64,63.54,63.44,63.34,63.24,63.164,63.112,63.085,63.082,63.103,63.149,63.219,63.313,63.431,63.573,63.739,63.929
ASM,American Samoa,80.948,81.886,82.789,83.654,84.485,85.28,86.043,86.771,87.467,88.131,88.587,88.491,88.394,88.297,88.198,88.1,88.0,87.9,87.799,87.697,87.594,87.502,87.42,87.348,87.288,87.238,87.198,87.17,87.153,87.147,87.153,87.169,87.196,87.235,87.284
ATG,Antigua and Barbuda,35.426,35.465,35.085,34.709,34.334,33.961,33.59,33.221,32.855,32.49,32.127,31.74,31.098,30.464,29.837,29.218,28.606,28.002,27.405,26.818,26.238,25.703,25.526,25.35,25.175,25.0,24.846,24.713,24.599,24.506,24.433,24.38,24.346,24.332,24.338
AUS,Australia,85.433,85.403,85.285,85.157,85.028,84.898,84.767,84.636,84.503,84.37,84.235,84.1,84.222,84.343,84.463,84.582,84.7,84.822,84.943,85.063,85.182,85.3,85.402,85.502,85.602,85.701,85.8,85.904,86.012,86.124,86.241,86.362,86.488,86.617,86.75
AUT,Austria,62.96,62.689,62.417,62.144,61.87,61.596,61.32,61.045,60.768,60.491,60.213,59.934,59.655,59.375,59.094,58.813,58.532,58.249,57.966,57.683,57.399,57.115,57.147,57.336,57.526,57.715,57.905,58.094,58.297,58.515,58.748,58.995,59.256,59.53,59.819
AZE,Azerbaijan,53.749,53.441,53.132,52.824,52.515,52.206,51.896,51.588,51.278,51.185,51.386,51.587,51.787,51.988,52.189,52.389,52.589,52.79,52.99,53.19,53.406,53.637,53.883,54.145,54.422,54.714,55.021,55.343,55.68,56.031,56.397,56.776,57.17,57.577,57.997
BDI,Burundi,6.271,6.455,6.637,6.823,7.014,7.211,7.412,7.618,7.83,8.036,8.246,8.461,8.682,8.908,9.139,9.375,9.617,9.864,10.118,10.376,10.642,10.915,11.194,11.482,11.776,12.078,12.388,12.706,13.032,13.366,13.708,14.058,14.417,14.784,15.16
BEL,Belgium,96.377,96.461,96.542,96.622,96.7,96.777,96.851,96.924,96.996,97.065,97.129,97.186,97.241,97.296,97.35,97.403,97.454,97.505,97.555,97.603,97.651,97.698,97.744,97.789,97.833,97.876,97.919,97.961,98.001,98.041,98.079,98.117,98.153,98.189,98.224
BEN,Benin,34.485,35.247,35.827,36.136,36.447,36.758,37.071,37.385,37.699,38.015,38.333,38.65,39.036,39.536,40.039,40.543,41.049,41.558,42.069,42.58,43.093,43.608,44.125,44.642,45.166,45.695,46.229,46.768,47.312,47.861,48.415,48.972,49.534,50.1,50.669
BFA,Burkina Faso,13.815,14.07,14.33,14.593,14.86,15.131,15.407,15.875,16.51,17.166,17.844,18.54,19.258,19.996,20.757,21.537,22.339,22.996,23.534,24.079,24.633,25.196,25.767,26.346,26.934,27.53,28.134,28.743,29.358,29.98,30.607,31.24,31.877,32.52,33.166
BGD,Bangladesh,19.811,20.257,20.61,20.966,21.328,21.693,22.064,22.438,22.818,23.202,23.59,24.096,24.756,25.429,26.114,26.809,27.517,28.237,28.968,29.709,30.462,31.225,31.993,32.762,33.535,34.308,35.083,35.858,36.632,37.405,38.177,38.946,39.711,40.473,41.23
BGR,Bulgaria,66.377,66.717,67.056,67.33,67.557,67.782,68.007,68.231,68.454,68.677,68.899,69.166,69.524,69.879,70.233,70.584,70.932,71.278,71.622,71.963,72.302,72.638,72.975,73.313,73.651,73.99,74.329,74.669,75.008,75.347,75.686,76.025,76.363,76.701,77.037
BHR,Bahrain,88.14,88.329,88.398,88.395,88.392,88.388,88.385,88.382,88.379,88.376,88.372,88.369,88.373,88.383,88.399,88.422,88.452,88.488,88.53,88.579,88.634,88.695,88.762,88.835,88.915,88.999,89.09,89.186,89.287,89.394,89.506,89.622,89.743,89.869,89.999
BHS,"Bahamas, The",79.838,80.067,80.293,80.518,80.74,80.961,81.18,81.396,81.611,81.824,82.007,82.049,82.092,82.134,82.176,82.218,82.26,82.302,82.343,82.385,82.427,82.476,82.532,82.596,82.668,82.746,82.832,82.925,83.025,83.132,83.245,83.365,83.492,83.625,83.764
BIH,Bosnia and Herzegovina,39.249,39.578,39.887,40.196,40.506,40.817,41.13,41.442,41.755,42.069,42.384,42.698,43.014,43.33,43.648,43.965,44.282,44.601,44.92,45.239,45.558,45.878,46.199,46.519,46.84,47.173,47.518,47.876,48.245,48.626,49.02,49.425,49.841,50.269,50.708
BLR,Belarus,65.981,66.374,66.766,67.155,67.541,67.926,68.308,68.687,69.064,69.482,69.973,70.458,70.939,71.415,71.887,72.354,72.816,73.273,73.726,74.172,74.672,75.188,75.697,76.199,76.693,77.181,77.661,78.134,78.595,79.044,79.483,79.91,80.326,80.731,81.125
BLZ,Belize,47.465,47.271,47.059,46.848,46.637,46.425,46.214,46.003,45.793,45.582,45.398,45.381,45.364,45.347,45.33,45.313,45.296,45.279,45.262,45.245,45.228,45.228,45.246,45.282,45.335,45.406,45.495,45.601,45.724,45.866,46.025,46.201,46.396,46.608,46.838
BMU,Bermuda,100.0,100.0,100.0,100.0,100.0,100.0,100.0,100.0,100.0,100.0,100.0,100.0,100.0,100.0,100.0,100.0,100.0,100.0,100.0,100.0,100.0,100.0,100.0,100.0,100.0,100.0,100.0,100.0,100.0,100.0,100.0,100.0,100.0,100.0,100.0
BOL,Bolivia,55.577,56.579,57.541,58.079,58.615,59.15,59.682,60.212,60.739,61.264,61.787,62.306,62.783,63.248,63.711,64.17,64.628,65.082,65.535,65.984,66.43,66.874,67.315,67.699,68.047,68.393,68.738,69.08,69.425,69.773,70.123,70.475,70.83,71.186,71.545
BRA,Brazil,73.922,74.69,75.444,76.181,76.903,77.61,78.302,79.048,79.781,80.496,81.192,81.553,81.88,82.203,82.521,82.834,83.143,83.448,83.749,84.044,84.335,84.631,84.923,85.209,85.492,85.77,86.042,86.309,86.569,86.824,87.073,87.317,87.555,87.788,88.016
BRB,Barbados,37.37,37.006,36.643,36.283,35.924,35.566,35.21,34.856,34.503,34.152,33.827,33.629,33.431,33.234,33.037,32.841,32.646,32.451,32.256,32.063,31.87,31.7,31.553,31.429,31.328,31.249,31.193,31.159,31.147,31.158,31.191,31.246,31.324,31.425,31.548
BRN,Brunei Darussalam,66.438,66.585,67.078,67.604,68.126,68.644,69.158,69.666,70.17,70.669,71.164,71.652,72.046,72.421,72.794,73.163,73.529,73.892,74.252,74.608,74.961,75.31,75.656,75.997,76.332,76.663,76.99,77.312,77.629,77.942,78.25,78.554,78.854,79.149,79.439
BTN,Bhutan,16.388,17.161,17.962,18.791,19.649,20.537,21.456,22.401,23.377,24.383,25.418,26.48,27.57,28.688,29.835,30.965,31.712,32.469,33.236,34.01,34.793,35.585,36.371,37.149,37.918,38.678,39.428,40.167,40.895,41.612,42.316,43.008,43.686,44.35,45.0
BWA,Botswana,41.933,45.292,46.443,47.286,48.133,48.981,49.83,50.677,51.525,52.372,53.219,54.062,54.57,55.029,55.488,55.944,56.4,57.928,59.444,60.937,62.412,63.865,64.768,65.572,66.368,67.155,67.933,68.7,69.446,70.172,70.877,71.56,72.224,72.867,73.49
CAF,Central African Republic,36.825,36.906,36.987,37.068,37.149,37.231,37.312,37.394,37.475,37.557,37.639,37.72,37.802,37.884,37.966,38.069,38.193,38.339,38.506,38.694,38.904,39.135,39.388,39.663,39.959,40.277,40.618,40.98,41.364,41.77,42.198,42.648,43.12,43.614,44.13
CAN,Canada,76.582,76.62,76.887,77.152,77.414,77.675,77.951,78.34,78.724,79.103,79.478,79.81,79.888,79.967,80.045,80.122,80.213,80.396,80.578,80.758,80.937,81.096,81.137,81.178,81.218,81.259,81.3,81.35,81.411,81.482,81.562,81.653,81.752,81.862,81.98
CEB,Central Electricity Board (CEB),61.39184891050757,61.60331236939888,61.69341933306956,61.66523865156157,61.63675360151573,61.60923061255979,61.587247657553455,61.56317794430449,61.53401823352496,61.505069788599215,61.47618735749828,61.49545330109989,61.5557607471992,61.60215569199242,61.64818104905784,61.7026922241905,61.76389544552708,61.8418454287671,61.92454054662049,61.986046876008906,62.026065024419744,62.06393448523135,62.08229475138213,62.08539854817312,62.096663299312,62.118022196384416,62.15655285906909,62.21537913908022,62.29474070413738,62.39255473656054,62.52134192757112,62.65356713017175,62.83593159687202,63.035453239976704,63.231802357821536
CHE,Switzerland,73.926,73.869,73.815,73.762,73.708,73.654,73.6,73.546,73.492,73.438,73.383,73.375,73.401,73.427,73.452,73.478,73.504,73.53,73.556,73.581,73.607,73.631,73.653,73.674,73.696,73.718,73.739,73.761,73.797,73.849,73.915,73.996,74.092,74.202,74.327
CHI,Channel Islands,31.392,31.262,31.076,30.891,30.706,30.522,30.4,30.416,30.432,30.449,30.465,30.495,30.557,30.619,30.681,30.743,30.805,30.867,30.929,30.992,31.054,31.091,31.059,31.027,30.995,30.962,30.93,30.914,30.914,30.931,30.963,31.012,31.077,31.159,31.257
CHL,Chile,83.271,83.398,83.564,83.896,84.223,84.545,84.861,85.172,85.477,85.778,86.073,86.363,86.606,86.665,86.725,86.783,86.842,86.9,86.959,87.017,87.074,87.132,87.189,87.246,87.303,87.36,87.422,87.49,87.564,87.643,87.727,87.817,87.912,88.012,88.116
CHN,China,26.442,27.312,28.2,29.103,30.024,30.961,31.916,32.883,33.867,34.865,35.877,37.093,38.425,39.776,41.144,42.522,43.868,45.199,46.539,47.88,49.226,50.511,51.765,53.013,54.259,55.5,56.736,57.96,59.152,60.308,61.428,62.512,63.56,64.57,65.544
CIV,Cote d'Ivoire,39.345,39.716,40.088,40.461,40.835,41.21,41.587,41.964,42.342,42.741,43.155,43.568,43.983,44.399,44.817,45.234,45.652,46.071,46.491,46.91,47.33,47.751,48.172,48.593,49.014,49.444,49.881,50.326,50.779,51.239,51.706,52.18,52.661,53.149,53.644
CMR,Cameroon,39.657,40.235,40.817,41.399,41.985,42.573,43.164,43.755,44.348,44.944,45.542,46.139,46.738,47.338,47.94,48.541,49.143,49.746,50.35,50.954,51.559,52.164,52.769,53.373,53.976,54.578,55.179,55.777,56.374,56.968,57.56,58.148,58.733,59.315,59.892
COD,"Congo, Dem. Rep.",30.633,31.067,31.506,31.946,32.39,32.838,33.289,33.742,34.199,34.659,35.122,35.587,36.055,36.526,37.0,37.481,37.971,38.47,38.976,39.491,40.013,40.544,41.082,41.627,42.18,42.74,43.307,43.88,44.46,45.046,45.638,46.235,46.837,47.444,48.055
COG,"Congo, Rep.",54.324,54.743,55.162,55.58,55.996,56.413,56.832,57.299,57.766,58.231,58.695,59.156,59.617,60.076,60.533,60.988,61.441,61.893,62.346,62.8,63.256,63.712,64.169,64.627,65.085,65.543,66.001,66.459,66.916,67.373,67.829,68.283,68.736,69.188,69.638
COL,Colombia,69.481,69.949,70.415,70.874,71.328,71.777,72.223,72.662,73.098,73.53,73.957,74.379,74.797,75.211,75.62,76.024,76.423,76.816,77.204,77.587,77.964,78.335,78.701,79.061,79.415,79.764,80.108,80.446,80.778,81.104,81.425,81.74,82.05,82.354,82.652
COM,Comoros,27.869,28.366,28.435,28.39,28.346,28.301,28.257,28.213,28.168,28.124,28.08,28.036,27.992,27.947,27.903,27.875,27.863,27.867,27.886,27.921,27.973,28.04,28.123,28.223,28.338,28.47,28.619,28.784,28.965,29.164,29.38,29.613,29.864,30.132,30.418
CPV,Cabo Verde,44.12,45.044,45.973,46.902,47.834,48.768,49.704,50.637,51.572,52.505,53.435,54.291,55.146,55.997,56.846,57.689,58.529,59.363,60.194,61.016,61.821,62.322,62.821,63.317,63.81,64.3,64.784,65.261,65.732,66.195,66.652,67.102,67.545,67.982,68.412
CRI,Costa Rica,50.003,50.917,51.832,52.743,53.653,54.561,55.467,56.367,57.264,58.157,59.052,60.41,61.753,63.08,64.388,65.672,66.935,68.174,69.39,70.575,71.736,72.868,73.946,74.97,75.941,76.862,77.735,78.56,79.34,80.076,80.771,81.425,82.042,82.622,83.167
CSS,Caribbean small states,48.56112444222887,48.70823357446712,48.78063678493294,48.84426658699129,48.91029572087404,48.99151350912045,49.08025446074151,49.166280217667314,49.25166331569238,49.33649203982748,49.41182511249982,49.38646917712106,49.32090600194686,49.235390004665526,49.13769270290491,48.93628176861751,48.82307097275695,48.71965401947617,48.61773714934862,48.513331202423785,48.428700439576495,48.38381178960688,48.373917435132775,48.35694323671895,48.353721391768566,48.35964192498663,48.37517339121417,48.402320803730525,48.35980605664051,48.37405668611389,48.47893840762523,48.552121024511926,48.65293726716637,48.7879139879962,48.93938492925847
CUB,Cuba,73.364,73.676,73.827,73.977,74.127,74.277,74.426,74.618,74.855,75.089,75.323,75.555,75.785,75.947,76.041,76.134,76.227,76.32,76.413,76.505,76.597,76.689,76.781,76.827,76.861,76.896,76.93,76.977,77.037,77.109,77.194,77.292,77.401,77.523,77.657
CUW,Curacao,84.678,84.947,85.444,86.224,86.969,87.68,88.358,89.002,89.615,90.198,90.752,91.011,90.894,90.775,90.655,90.534,90.411,90.287,90.161,90.034,89.905,89.775,89.654,89.544,89.443,89.352,89.272,89.203,89.145,89.098,89.062,89.038,89.025,89.023,89.033
CYM,Cayman Islands,100.0,100.0,100.0,100.0,100.0,100.0,100.0,100.0,100.0,100.0,100.0,100.0,100.0,100.0,100.0,100.0,100.0,100.0,100.0,100.0,100.0,100.0,100.0,100.0,100.0,100.0,100.0,100.0,100.0,100.0,100.0,100.0,100.0,100.0,100.0
CYP,Cyprus,66.776,67.188,67.598,67.792,67.915,68.038,68.161,68.283,68.405,68.527,68.648,68.769,68.694,68.553,68.41,68.268,68.125,67.982,67.839,67.695,67.551,67.406,67.261,67.137,67.031,66.946,66.881,66.836,66.81,66.805,66.821,66.856,66.911,66.987,67.082
CZE,Czechia,75.22,75.158,75.03,74.901,74.772,74.643,74.513,74.382,74.251,74.12,73.988,73.877,73.809,73.74,73.671,73.602,73.533,73.463,73.394,73.324,73.255,73.185,73.197,73.29,73.384,73.477,73.57,73.675,73.792,73.921,74.061,74.214,74.377,74.552,74.738
DEU,Germany,73.118,73.269,73.36,73.497,73.71,73.922,74.133,74.342,74.551,74.758,74.965,75.17,75.374,75.577,75.779,75.98,76.179,76.378,76.575,76.771,76.966,77.16,77.17,77.18,77.19,77.2,77.224,77.261,77.312,77.376,77.453,77.544,77.648,77.765,77.895
DJI,Djibouti,75.957,76.114,76.161,76.207,76.254,76.3,76.347,76.393,76.439,76.485,76.532,76.578,76.624,76.67,76.716,76.761,76.807,76.853,76.899,76.944,76.999,77.064,77.138,77.222,77.314,77.417,77.528,77.648,77.777,77.915,78.062,78.217,78.38,78.552,78.732
DMA,Dominica,63.079,64.482,64.569,64.656,64.744,64.831,64.918,65.005,65.092,65.179,65.265,65.382,65.689,65.994,66.299,66.601,66.903,67.203,67.502,67.799,68.094,68.389,68.685,68.982,69.28,69.579,69.88,70.181,70.483,70.786,71.09,71.395,71.7,72.006,72.312
DNK,Denmark,84.843,84.871,84.898,84.925,84.952,84.979,85.006,85.033,85.06,85.086,85.1,85.15,85.25,85.36,85.566,85.856,86.098,86.293,86.487,86.654,86.795,86.957,87.142,87.292,87.41,87.526,87.642,87.757,87.874,87.994,88.116,88.24,88.367,88.495,88.626
DOM,Dominican Republic,55.226,55.497,55.767,56.037,56.752,57.598,58.441,59.276,60.107,60.933,61.753,62.565,63.371,64.605,66.003,67.37,68.71,70.02,71.3,72.542,73.753,74.827,75.802,76.749,77.67,78.566,79.436,80.277,81.074,81.828,82.54,83.213,83.848,84.446,85.011
DZA,Algeria,52.085,52.871,53.657,54.439,55.219,55.997,56.774,57.544,58.313,59.118,59.919,60.712,61.501,62.284,63.061,63.83,64.593,65.348,66.097,66.826,67.54,68.236,68.915,69.576,70.221,70.848,71.459,72.052,72.629,73.189,73.733,74.261,74.772,75.268,75.748
EAP,East Asia & Pacific (excluding high income),28.158422830158973,28.936481045257768,29.73764936388064,30.55134460252578,31.37729301905436,32.214744185091625,33.067680364011416,33.930013646280706,34.80812775008171,35.700802170845314,36.61727447513063,37.64539939087732,38.75275617966921,39.87246085312316,41.0033495519225,42.13852522080396,43.2464228822115,44.33902039319552,45.43600278782368,46.53528748814017,47.63735141323817,48.67537047189165,49.687754084240936,50.69391224398986,51.697301033385145,52.69565043602695,53.689777809400645,54.67599331177685,55.63924008769981,56.57602106754011,57.48453968089424,58.36553690036355,59.22148416377907,60.04894176814042,60.85124276929168
EAR,Early-demographic dividend,34.87106883487654,35.237393170668575,35.579472773574444,35.911231075366935,36.26210350540669,36.61202828279815,36.932908945385954,37.25315572717763,37.58339103653751,37.9140294954528,38.247988423345554,38.57389980956036,38.93242888589572,39.29086724526126,39.655369590855486,40.02540752832368,40.40411569406632,40.77696667137823,41.15741650013129,41.53807602676342,41.90298137073213,42.26943707205369,42.63464260001616,43.01594923618804,43.40135420455744,43.81360196070968,44.21601740558371,44.6014670203505,44.98303319703667,45.37626401449491,45.78781492573128,46.185409692723,46.62515460236719,47.07415432433774,47.52314543958163
EAS,East Asia & Pacific,34.02071541378677,34.715585436802954,35.41797413695759,36.1330020550468,36.86176855095041,37.60161188959624,38.35467235026041,39.10532819161661,39.8729274983048,40.6532788102548,41.46103537156527,42.451293627527306,43.53303002048148,44.61585978521238,45.702320910219576,46.78537201622751,47.83471369932764,48.865798059370505,49.89869602900525,50.92383375255093,51.94690027436047,52.87323069711404,53.76436177580524,54.64966505967924,55.53605922693893,56.42052248093676,57.302748158823285,58.17656111212944,59.03460498373744,59.87255834431975,60.68223451548892,61.45940023400117,62.22573126511048,62.98254027134031,63.71061563197689
ECA,Europe & Central Asia (excluding high income),56.49274760263181,56.72571827439486,56.90960317848064,57.105433378715134,57.28090145937103,57.4436700759071,57.59905317046737,57.762505565426046,57.94211771934621,58.14026081178896,58.36665919457267,58.6209775355286,58.91324833049404,59.22493259014265,59.541547861792274,59.86153345315934,60.18324669983886,60.48462674226303,60.8097209766359,61.13480682315077,61.451914388362106,61.73265061991019,61.96562500231034,62.19085578343849,62.41243126310004,62.63181757379909,62.852659874463065,63.07288259517578,63.30134859336568,63.5381802571839,63.76311537877268,63.99197909098351,64.16972587626604,64.32563080453693,64.56297744082129
ECS,Europe & Central Asia,67.56171495967753,67.6950459424704,67.80613151668166,67.91202341106944,68.02321361095011,68.13277128099945,68.2368672044038,68.34362084991542,68.45504481893497,68.57142180196526,68.69991293905184,68.85447025164373,69.0540819801949,69.26341936501424,69.47561876789499,69.69052066499589,69.90445635992832,70.12160932730133,70.33525802291273,70.540609283588,70.74232797139796,70.92542931470074,71.09958023776926,71.27147156835467,71.4427438586557,71.61935976073589,71.80183194886574,71.98700654728096,72.17878956882153,72.378819157659,72.58462866555566,72.79985755127728,73.03962012906057,73.28348617395305,73.5167743020799
ECU,Ecuador,55.09,55.709,56.226,56.74,57.254,57.766,58.277,58.785,59.291,59.796,60.299,60.799,61.118,61.316,61.514,61.711,61.907,62.104,62.3,62.495,62.69,62.851,62.988,63.125,63.261,63.398,63.534,63.67,63.821,63.986,64.166,64.361,64.57,64.792,65.029
EGY,"Egypt, Arab Rep.",43.478,43.345,43.212,43.079,42.946,42.814,42.681,42.658,42.704,42.75,42.797,42.843,42.889,42.935,42.981,43.027,43.073,43.078,43.058,43.039,43.019,43.0,42.946,42.893,42.839,42.785,42.732,42.705,42.704,42.73,42.783,42.862,42.967,43.1,43.258
EMU,Euro area,70.91489369650996,71.08697642358378,71.24553380660096,71.41034618963133,71.59109212311897,71.77230448526659,71.95355953139091,72.1299808095528,72.30316131414133,72.48198242221287,72.67452145924496,72.89062659425508,73.13375175939375,73.38355274888147,73.62825269622277,73.87027654687535,74.10718888503813,74.33532507001502,74.5609913920847,74.78743359014351,75.01676288838671,75.24116983563526,75.45691848471627,75.67557630987842,75.88772981913844,76.10294155329906,76.31975882515614,76.54149982123931,76.76334817416571,76.99972316915743,77.23498135936505,77.47162405071272,77.7126830118197,77.95604112646645,78.20471541498559
ERI,Eritrea,18.905,19.59,20.294,21.015,21.755,22.514,23.293,24.088,24.903,25.735,26.587,27.455,28.341,29.244,30.164,31.099,32.051,33.017,34.0,34.585,35.175,35.771,36.372,36.979,37.59,38.206,38.827,39.451,40.08,40.712,41.347,41.985,42.625,43.267,43.911
ESP,Spain,75.351,75.528,75.61,75.692,75.774,75.856,75.938,76.019,76.1,76.181,76.262,76.343,76.533,76.778,77.022,77.263,77.502,77.74,77.976,78.21,78.442,78.673,78.902,79.133,79.366,79.602,79.84,80.08,80.321,80.565,80.81,81.056,81.304,81.552,81.802
EST,Estonia,71.231,71.046,70.86,70.674,70.487,70.3,70.111,69.923,69.733,69.543,69.368,69.242,69.116,68.989,68.862,68.735,68.607,68.479,68.351,68.223,68.094,67.965,67.974,68.122,68.269,68.416,68.563,68.717,68.88,69.051,69.229,69.415,69.609,69.81,70.019
ETH,Ethiopia,12.621,12.867,13.116,13.37,13.627,13.827,14.006,14.186,14.369,14.553,14.74,14.927,15.118,15.31,15.504,15.7,15.899,16.116,16.51,16.91,17.319,17.735,18.16,18.575,18.998,19.428,19.866,20.31,20.763,21.225,21.695,22.174,22.661,23.157,23.661
EUU,European Union,69.36909200544378,69.55900065018773,69.71589079760409,69.84568350616121,69.98603930332382,70.1268366665122,70.26681315677034,70.40152564754707,70.53315184515803,70.66976322960345,70.82576175100468,71.01225938767593,71.24016281898841,71.4619792178923,71.67974557813483,71.897994774521,72.11408554359576,72.33315647838751,72.55103402455205,72.75852691157458,72.96642890804328,73.16082238367125,73.34982609066212,73.53880526776582,73.72318740972752,73.91413538256458,74.11115690455682,74.31371808385168,74.52128706459925,74.74058429860223,74.97598721599181,75.22018074965946,75.46205747041418,75.70388053254554,75.94928317697804
FCS,Fragile and conflict affected situations,35.173204041361764,35.41922605717688,35.66974877144043,35.91674626139101,36.08114383928063,36.21739238106984,36.39155256470196,36.57902810223912,36.7641634950648,36.95751402626417,37.16919129177019,37.45406431861633,37.71555348150329,37.97918872214754,38.25502259884,38.5403322301542,38.81395388061588,39.04650503573546,39.394497050435405,39.7494228049932,40.111530364556685,40.42841903618746,40.744224534000026,41.09474585888118,41.44930139910366,41.83283694174152,42.21402427566749,42.58431853139406,42.92721382857902,43.26807795438009,43.639422996626735,44.04210709140778,44.40164649530698,44.768587127188425,45.22087300660184
FIN,Finland,79.367,79.843,80.128,80.409,80.688,80.963,81.223,81.466,81.707,81.946,82.183,82.368,82.503,82.638,82.772,82.905,83.037,83.168,83.299,83.429,83.77,84.313,84.841,85.125,85.175,85.225,85.275,85.325,85.382,85.446,85.517,85.596,85.681,85.773,85.872
FJI,Fiji,41.611,42.381,43.156,43.933,44.713,45.496,46.282,46.732,47.123,47.515,47.908,48.3,48.692,49.085,49.479,49.871,50.264,50.657,51.146,51.658,52.171,52.683,53.196,53.706,54.216,54.726,55.235,55.742,56.248,56.75,57.247,57.74,58.229,58.713,59.192
FRA,France,74.056,74.229,74.401,74.572,74.743,74.912,75.082,75.25,75.417,75.614,75.871,76.127,76.38,76.632,76.883,77.13,77.377,77.621,77.868,78.117,78.369,78.622,78.878,79.135,79.394,79.655,79.917,80.18,80.444,80.709,80.975,81.242,81.509,81.777,82.044
FRO,Faroe Islands,30.594,31.154,31.872,32.596,33.33,34.071,34.822,35.354,35.654,35.86,36.337,37.175,38.022,38.714,39.247,39.781,40.147,40.341,40.536,40.731,40.926,41.088,41.225,41.363,41.501,41.638,41.777,41.914,42.064,42.225,42.398,42.583,42.779,42.987,43.206
FSM,"Micronesia, Fed. Sts.",25.818,25.752,25.686,25.62,25.554,25.068,24.473,23.889,23.314,22.749,22.33,22.33,22.33,22.33,22.33,22.33,22.324,22.317,22.311,22.305,22.298,22.305,22.324,22.355,22.399,22.456,22.526,22.608,22.703,22.812,22.933,23.068,23.217,23.379,23.555
GAB,Gabon,69.143,70.462,71.749,72.999,73.921,74.797,75.654,76.49,77.306,78.102,78.879,79.633,80.368,81.083,81.778,82.452,83.107,83.742,84.359,84.955,85.533,86.092,86.634,87.156,87.651,88.118,88.559,88.976,89.37,89.741,90.092,90.423,90.735,91.029,91.307
GBR,United Kingdom,78.14,78.112,78.172,78.232,78.293,78.353,78.413,78.472,78.532,78.591,78.651,78.751,79.047,79.339,79.629,79.915,80.199,80.479,80.757,81.031,81.302,81.57,81.837,82.102,82.365,82.626,82.886,83.143,83.398,83.652,83.903,84.152,84.398,84.642,84.884
GEO,Georgia,55.038,54.799,54.559,54.32,54.08,53.841,53.6,53.36,53.12,52.879,52.638,52.398,52.441,52.83,53.218,53.605,53.992,54.379,54.765,55.15,55.535,55.919,56.303,56.685,57.067,57.448,57.837,58.231,58.632,59.039,59.453,59.872,60.297,60.727,61.162
GHA,Ghana,36.441,37.17,37.905,38.644,39.39,40.14,40.896,41.654,42.418,43.184,43.929,44.601,45.275,45.951,46.63,47.308,47.988,48.669,49.351,50.031,50.713,51.394,52.073,52.748,53.419,54.086,54.749,55.407,56.06,56.707,57.349,57.985,58.615,59.238,59.854
GIB,Gibraltar,100.0,100.0,100.0,100.0,100.0,100.0,100.0,100.0,100.0,100.0,100.0,100.0,100.0,100.0,100.0,100.0,100.0,100.0,100.0,100.0,100.0,100.0,100.0,100.0,100.0,100.0,100.0,100.0,100.0,100.0,100.0,100.0,100.0,100.0,100.0
GIN,Guinea,28.026,28.312,28.601,28.89,29.182,29.475,29.77,30.052,30.323,30.595,30.869,31.144,31.42,31.698,31.977,32.257,32.539,32.822,33.106,33.391,33.678,33.966,34.255,34.545,34.836,35.141,35.46,35.793,36.14,36.5,36.875,37.264,37.668,38.085,38.517
GMB,"Gambia, The",38.312,39.41,40.52,41.586,42.472,43.362,44.258,45.155,46.057,46.961,47.868,48.775,49.683,50.555,51.288,52.02,52.751,53.481,54.211,54.937,55.662,56.384,57.105,57.82,58.528,59.228,59.918,60.599,61.27,61.931,62.582,63.222,63.852,64.472,65.08
GNB,Guinea-Bissau,30.83,32.39,33.271,33.635,34.002,34.371,34.742,35.114,35.488,35.865,36.243,36.622,37.004,37.387,37.772,38.157,38.545,38.934,39.325,39.716,40.111,40.508,40.908,41.31,41.715,42.123,42.533,42.945,43.36,43.777,44.196,44.617,45.041,45.466,45.893
GNQ,Equatorial Guinea,34.745,35.748,36.766,37.792,38.831,40.494,42.187,43.893,45.616,47.35,49.092,50.832,52.573,54.307,56.033,57.74,59.431,61.1,62.745,64.358,65.94,67.488,69.0,69.544,70.083,70.616,71.138,71.646,72.143,72.627,73.1,73.561,74.01,74.448,74.874
GRC,Greece,71.467,71.635,71.757,71.878,71.998,72.119,72.239,72.358,72.478,72.597,72.716,72.913,73.303,73.689,74.073,74.452,74.827,75.199,75.568,75.932,76.292,76.649,77.004,77.355,77.702,78.046,78.387,78.724,79.058,79.388,79.715,80.038,80.357,80.673,80.984
GRD,Grenada,33.427,33.503,33.744,33.985,34.227,34.47,34.714,34.959,35.204,35.45,35.698,35.919,35.913,35.907,35.901,35.895,35.889,35.883,35.877,35.871,35.865,35.859,35.869,35.896,35.938,35.997,36.072,36.164,36.272,36.396,36.537,36.694,36.868,37.059,37.267
GRL,Greenland,79.698,80.033,80.301,80.503,80.703,80.902,81.1,81.226,81.351,81.476,81.6,81.849,82.095,82.338,82.58,82.858,83.172,83.482,83.787,84.087,84.383,84.755,85.2,85.551,85.813,86.071,86.326,86.574,86.816,87.052,87.282,87.507,87.727,87.94,88.149
GTM,Guatemala,41.992,42.323,42.655,42.987,43.32,43.654,43.989,44.323,44.659,44.995,45.332,45.668,46.005,46.318,46.616,46.913,47.21,47.508,47.807,48.104,48.403,48.701,49.0,49.311,49.634,49.971,50.319,50.68,51.054,51.439,51.836,52.245,52.666,53.098,53.542
GUM,Guam,90.796,91.061,91.32,91.571,91.816,92.055,92.287,92.513,92.733,92.946,93.129,93.233,93.334,93.435,93.534,93.631,93.727,93.822,93.916,94.008,94.099,94.188,94.277,94.364,94.449,94.534,94.617,94.699,94.78,94.859,94.938,95.015,95.091,95.166,95.24
GUY,Guyana,29.583,29.493,29.404,29.315,29.226,29.137,29.048,28.959,28.871,28.782,28.694,28.606,28.518,28.307,28.064,27.822,27.582,27.343,27.105,26.869,26.634,26.4,26.4,26.4,26.414,26.441,26.482,26.538,26.606,26.689,26.786,26.897,27.022,27.162,27.316
HIC,High income,73.57090385615382,73.81984993388386,74.05551892501138,74.27307102676006,74.49221578399194,74.71078461678557,74.92156135564741,75.1219856014955,75.32098317590156,75.51943944519465,75.71591046065667,76.02173339754945,76.37703166474469,76.71427480136343,77.04217688235308,77.3601853804245,77.65551092575187,77.94199878434623,78.21973806623927,78.48176318001374,78.73029096865899,78.92346650909008,79.09243324027223,79.2656707284999,79.43870611865407,79.61640288620116,79.79718425079537,79.97794651067855,80.15683203463793,80.3466412738277,80.54438586385068,80.73221114529403,80.94196213833501,81.16146988616015,81.38229752880078
HKG,"Hong Kong SAR, China",99.517,99.832,99.979,100.0,100.0,100.0,100.0,100.0,100.0,100.0,100.0,100.0,100.0,100.0,100.0,100.0,100.0,100.0,100.0,100.0,100.0,100.0,100.0,100.0,100.0,100.0,100.0,100.0,100.0,100.0,100.0,100.0,100.0,100.0,100.0
HND,Honduras,40.46,40.953,41.448,41.943,42.441,42.941,43.442,43.944,44.447,44.952,45.458,45.964,46.61,47.267,47.927,48.585,49.245,49.905,50.566,51.225,51.885,52.543,53.202,53.858,54.514,55.165,55.813,56.457,57.096,57.73,58.359,58.982,59.6,60.212,60.818
HPC,Heavily indebted poor countries (HIPC),25.46103767938321,25.8417989185358,26.21929421931224,26.582567616524127,26.95155377504857,27.293129729868987,27.55187043365705,27.83435305296524,28.134822687119616,28.438565146800208,28.751206646209056,29.09978421010128,29.44054524598642,29.78487500985068,30.131984716540394,30.500705592389963,30.875464467395386,31.19183870918665,31.624098920518403,32.05307562026665,32.49151296667299,32.9335581402091,33.35904399211055,33.79203410629543,34.23420204251849,34.69019040523854,35.15702878334775,35.624673107824364,36.093132334976445,36.56632147361843,37.046538966108834,37.53686938100272,38.03986954789357,38.547698504555285,39.05920302115832
HRV,Croatia,51.037,51.357,51.588,51.818,52.048,52.279,52.509,52.739,52.968,53.198,53.428,53.642,53.81,53.979,54.147,54.315,54.483,54.651,54.819,54.987,55.155,55.322,55.506,55.706,55.923,56.155,56.403,56.667,56.947,57.242,57.553,57.878,58.219,58.575,58.945
HTI,Haiti,28.51,29.641,30.8,31.39,31.987,32.59,33.2,33.792,34.389,34.992,35.6,37.251,38.935,40.645,41.679,42.638,43.604,44.574,45.551,46.528,47.509,48.492,49.477,50.46,51.444,52.427,53.396,54.346,55.278,56.192,57.088,57.964,58.82,59.656,60.472
HUN,Hungary,65.838,65.713,65.587,65.461,65.335,65.209,65.083,64.956,64.829,64.702,64.575,64.67,65.081,65.489,65.896,66.365,66.895,67.421,67.943,68.46,68.911,69.358,69.678,69.953,70.227,70.5,70.779,71.062,71.351,71.644,71.942,72.245,72.552,72.864,73.179
IBD,IBRD only,38.60088177675683,39.10020852912824,39.59971744279144,40.1008602035958,40.60593653304837,41.11107345850537,41.61753320595607,42.129546367851376,42.65167209939212,43.18000089976372,43.71835124734179,44.3038011635736,44.94258900804964,45.59211816006854,46.25109600039653,46.91648371587284,47.56981880244912,48.21148625833409,48.86100099710715,49.51075212588332,50.15844625712372,50.77719392998998,51.3872104622612,52.004383390934514,52.62850157209363,53.24925682577904,53.86302794984368,54.4730525266222,55.0771234775401,55.673018686201765,56.25723839974064,56.83690278841036,57.405194940573296,57.95860849474023,58.510064360890006
IBT,IDA & IBRD total,35.954191392396524,36.40700769477039,36.85229594751121,37.29404824958115,37.738719311308174,38.18062622693819,38.61612707185199,39.05807343085584,39.508950198133455,39.96318281630311,40.42563516190263,40.93750841183751,41.49067224319387,42.050642250772974,42.61873921417794,43.19275580513427,43.7570148528773,44.305750324301655,44.87133863795897,45.43615835178285,46.00079018505969,46.53749857608364,47.065933796718426,47.60480930563229,48.14662586336275,48.69258646077226,49.23363358259205,49.77135387519166,50.30108015215102,50.821135545986174,51.32859596951252,51.83017842714471,52.32617792522174,52.8141913129966,53.30368851005073
IDA,IDA total,25.480169860317,25.848700938981487,26.19898868234841,26.54221630182098,26.887379220816538,27.22371837958764,27.530903717139367,27.84903883522816,28.176090911403016,28.50145462050367,28.834920291640007,29.233839427542293,29.64452673591472,30.05568706248839,30.472282501854192,30.90046799373443,31.338752802149408,31.762940907957848,32.23313599722545,32.69911496714955,33.17428471851024,33.62301851446641,34.05332876578883,34.48626328100997,34.920461990074,35.39303816489691,35.87907731729877,36.37285223561989,36.86876002818528,37.3669945784169,37.86849327875331,38.37709275348762,38.90244030109325,39.43728704266064,39.97540600391843
IDB,IDA blend,30.6594749842499,31.0342177299774,31.412274862256,31.78183660539618,32.15222512584269,32.52410252254837,32.89813619925074,33.27018413459748,33.633892500720606,33.98537975034988,34.337421678852486,34.779170094102014,35.22509484640664,35.663135470766306,36.10435080600745,36.550082683059735,37.001047769779625,37.45478422067757,37.91307434149284,38.37710441638079,38.847748322363806,39.30618536731431,39.75567627997735,40.211627810999474,40.67643935279764,41.14837743806942,41.62237327309423,42.094267862310986,42.56837224927799,43.04615518360811,43.526580341855976,44.01116666957682,44.50567625494983,45.01184766814,45.52333641034807
IDN,Indonesia,30.584,31.613,32.703,33.808,34.933,36.076,37.235,38.406,39.593,40.792,42.002,42.783,43.568,44.356,45.149,45.942,46.738,47.535,48.335,49.134,49.914,50.595,51.276,51.955,52.635,53.313,53.989,54.659,55.325,55.985,56.641,57.29,57.934,58.572,59.204
IDX,IDA only,22.764306878954457,23.11327740000608,23.442460536434456,23.771474120703456,24.10151088811675,24.415595604946624,24.68274574490332,24.967183718015484,25.269778711193567,25.57750566016324,25.894160935028417,26.26082798593721,26.64954946563668,27.04415567836638,27.441475423718977,27.85491225664981,28.28227708480708,28.68192609550741,29.14753077520318,29.60400636413261,30.07171781051733,30.508932756019995,30.9267678051136,31.344744829035488,31.76294872687228,32.23931731199264,32.73994344842052,33.254134351323295,33.77040622463343,34.29014413418238,34.812779941759665,35.34176827380707,35.89078654136492,36.450975707915866,37.01407336081734
IMN,Isle of Man,51.746,51.745,51.754,51.764,51.773,51.783,51.792,51.8,51.808,51.815,51.823,51.833,51.851,51.869,51.887,51.905,51.922,51.94,51.958,51.976,51.994,52.012,52.046,52.096,52.162,52.245,52.343,52.458,52.588,52.735,52.898,53.076,53.271,53.482,53.708
IND,India,25.547,25.778,25.984,26.191,26.399,26.607,26.817,27.028,27.24,27.453,27.667,27.918,28.244,28.572,28.903,29.235,29.569,29.906,30.246,30.587,30.93,31.276,31.634,32.003,32.384,32.777,33.182,33.6,34.03,34.472,34.926,35.393,35.872,36.364,36.867
IRL,Ireland,56.929,57.073,57.293,57.512,57.731,57.949,58.173,58.419,58.664,58.91,59.155,59.399,59.649,59.925,60.202,60.477,60.738,60.94,61.141,61.342,61.542,61.742,61.942,62.141,62.34,62.538,62.737,62.947,63.17,63.405,63.653,63.912,64.183,64.466,64.76
IRN,"Iran, Islamic Rep.",56.33,56.865,57.653,58.519,59.38,60.236,61.087,61.853,62.588,63.318,64.042,64.758,65.468,66.172,66.869,67.558,68.239,68.864,69.458,70.045,70.626,71.2,71.755,72.295,72.83,73.358,73.88,74.394,74.898,75.391,75.874,76.345,76.807,77.257,77.698
IRQ,Iraq,69.706,69.522,69.337,69.152,68.966,68.78,68.593,68.405,68.388,68.442,68.496,68.55,68.604,68.658,68.712,68.766,68.819,68.873,68.927,68.98,69.103,69.268,69.432,69.595,69.758,69.921,70.094,70.278,70.473,70.678,70.893,71.119,71.354,71.599,71.853
ISL,Iceland,90.75,90.932,91.112,91.287,91.46,91.63,91.797,91.96,92.121,92.267,92.401,92.532,92.662,92.789,92.914,93.037,93.159,93.278,93.395,93.511,93.574,93.587,93.6,93.633,93.667,93.7,93.735,93.773,93.813,93.855,93.898,93.944,93.992,94.042,94.094
ISR,Israel,90.359,90.463,90.565,90.666,90.767,90.866,90.943,91.009,91.074,91.139,91.203,91.267,91.33,91.393,91.456,91.518,91.58,91.641,91.702,91.763,91.826,91.892,91.96,92.031,92.104,92.179,92.256,92.336,92.418,92.501,92.587,92.674,92.763,92.854,92.946
ITA,Italy,66.726,66.706,66.742,66.802,66.862,66.922,66.982,67.042,67.102,67.162,67.222,67.282,67.382,67.501,67.62,67.738,67.856,67.974,68.092,68.209,68.327,68.444,68.684,68.979,69.272,69.565,69.855,70.144,70.438,70.736,71.039,71.346,71.657,71.973,72.292
JAM,Jamaica,49.444,49.656,49.896,50.136,50.375,50.615,50.855,51.095,51.335,51.574,51.814,52.053,52.251,52.437,52.625,52.811,52.998,53.184,53.371,53.557,53.743,53.93,54.132,54.35,54.584,54.833,55.098,55.378,55.674,55.985,56.311,56.652,57.008,57.378,57.762
JOR,Jordan,73.291,74.455,75.586,76.68,77.74,78.207,78.22,78.232,78.245,78.258,78.27,78.283,78.296,78.308,78.321,79.485,80.97,82.371,83.692,84.928,86.088,87.172,88.185,89.125,90.0,90.256,90.506,90.747,90.979,91.203,91.418,91.626,91.827,92.02,92.206
JPN,Japan,77.339,77.473,77.61,77.746,77.881,78.016,78.145,78.272,78.398,78.523,78.649,79.99,81.647,83.196,84.64,85.978,87.118,88.146,89.103,89.989,90.812,91.069,91.148,91.226,91.304,91.381,91.457,91.535,91.616,91.698,91.782,91.867,91.955,92.043,92.134
KAZ,Kazakhstan,56.266,56.175,56.083,55.992,55.9,55.921,55.943,55.964,55.986,56.025,56.098,56.171,56.244,56.317,56.39,56.463,56.536,56.609,56.682,56.755,56.827,56.9,56.973,57.046,57.118,57.191,57.264,57.336,57.428,57.54,57.671,57.821,57.99,58.179,58.387
KEN,Kenya,16.748,17.043,17.342,17.645,17.952,18.263,18.579,18.898,19.222,19.55,19.892,20.239,20.591,20.948,21.31,21.675,22.045,22.42,22.8,23.183,23.571,23.969,24.376,24.794,25.221,25.658,26.105,26.562,27.03,27.507,27.995,28.493,29.002,29.52,30.049
KGZ,Kyrgyz Republic,37.777,37.49,37.203,36.918,36.633,36.349,36.066,35.785,35.504,35.3,35.298,35.296,35.295,35.293,35.292,35.29,35.289,35.287,35.285,35.284,35.306,35.352,35.423,35.517,35.635,35.777,35.944,36.135,36.351,36.591,36.856,37.146,37.461,37.801,38.166
KHM,Cambodia,15.546,15.887,16.234,16.587,16.946,17.311,17.683,18.06,18.355,18.47,18.586,18.703,18.82,18.937,19.055,19.174,19.293,19.413,19.571,19.93,20.294,20.663,21.037,21.415,21.799,22.188,22.582,22.98,23.388,23.805,24.232,24.668,25.114,25.57,26.035
KIR,Kiribati,34.987,35.272,35.555,35.839,36.123,36.409,37.386,38.752,40.138,41.54,42.958,43.473,43.492,43.512,43.532,43.551,44.03,44.866,45.706,46.547,47.39,48.235,49.082,49.927,50.773,51.619,52.45,53.262,54.057,54.835,55.594,56.335,57.058,57.762,58.448
KNA,St. Kitts and Nevis,34.609,34.474,34.283,34.093,33.904,33.715,33.526,33.339,33.151,32.965,32.778,32.598,32.455,32.312,32.17,32.028,31.886,31.744,31.603,31.463,31.322,31.182,31.062,30.964,30.885,30.827,30.79,30.773,30.776,30.799,30.843,30.906,30.991,31.096,31.221
KOR,"Korea, Rep.",73.844,74.972,75.82,76.645,77.452,78.239,78.662,78.905,79.145,79.384,79.621,79.94,80.299,80.652,81.002,81.345,81.528,81.631,81.733,81.835,81.936,81.923,81.851,81.779,81.707,81.634,81.562,81.503,81.459,81.43,81.414,81.414,81.427,81.456,81.498
KWT,Kuwait,97.974,97.988,98.002,98.016,98.029,98.096,98.325,98.527,98.705,98.862,99.0,99.908,100.0,100.0,100.0,100.0,100.0,100.0,100.0,100.0,100.0,100.0,100.0,100.0,100.0,100.0,100.0,100.0,100.0,100.0,100.0,100.0,100.0,100.0,100.0
LAC,Latin America & Caribbean (excluding high income),69.66485017077667,70.20896388644046,70.7279711964442,71.22799119000658,71.73487611125381,72.23658892441031,72.71364725241085,73.20116689500627,73.68474391388992,74.15142540813818,74.6149326240965,74.97901575559254,75.32510976314815,75.66805486336716,75.99649338268232,76.31970386105858,76.64009740960557,76.95617430610297,77.26528958362172,77.5661775693105,77.8654739637702,78.1611069994865,78.44863986841165,78.73128733917294,79.01270520391327,79.2919206746314,79.56631103017807,79.8363374785181,80.10279206829011,80.36738654631175,80.62999454810186,80.88943146141727,81.14426105100576,81.39532104764399,81.64545055741326
LAO,Lao PDR,15.437,15.782,16.133,16.49,16.854,17.378,18.234,19.12,20.039,20.991,21.977,22.993,24.044,25.126,26.242,27.186,27.748,28.316,28.893,29.475,30.064,30.66,31.264,31.872,32.487,33.108,33.736,34.368,35.004,35.645,36.29,36.939,37.592,38.247,38.906
LBN,Lebanon,83.12,83.472,83.818,84.157,84.491,84.82,85.142,85.459,85.77,85.885,86.0,86.118,86.24,86.366,86.494,86.627,86.762,86.901,87.042,87.187,87.334,87.484,87.636,87.79,87.947,88.106,88.266,88.429,88.593,88.758,88.925,89.093,89.262,89.432,89.603
LBR,Liberia,55.422,58.0,55.019,52.009,48.981,45.96,42.964,43.304,43.646,43.988,44.331,44.673,45.017,45.361,45.706,46.051,46.396,46.742,47.088,47.445,47.813,48.193,48.583,48.985,49.397,49.82,50.254,50.697,51.151,51.615,52.089,52.573,53.065,53.567,54.077
LBY,Libya,75.723,75.777,75.832,75.886,75.94,75.994,76.048,76.114,76.193,76.284,76.387,76.502,76.629,76.768,76.919,77.08,77.253,77.437,77.632,77.837,78.052,78.277,78.512,78.756,79.009,79.27,79.54,79.817,80.102,80.393,80.691,80.994,81.302,81.606,81.907
LCA,St. Lucia,29.349,29.572,29.369,29.167,28.965,28.765,28.565,28.366,28.168,27.971,27.774,27.473,26.329,25.216,24.133,23.085,22.068,21.084,20.131,19.213,18.45,18.45,18.45,18.461,18.482,18.515,18.558,18.612,18.678,18.754,18.841,18.94,19.05,19.172,19.306
LCN,Latin America & Caribbean,70.70871145587036,71.22951313881292,71.72704328153146,72.21237710162065,72.70355273672202,73.1897280498853,73.65389663110378,74.12669017232886,74.5949600652278,75.0475997421327,75.49602645760199,75.85464015958507,76.18332854813762,76.50358882832452,76.81059781083846,77.11493392282512,77.4142848028044,77.70926227743684,77.99762445073868,78.27852710126673,78.55791739254335,78.83346059443237,79.10070531507019,79.36293538102906,79.62360303364417,79.88196677273939,80.13495513472293,80.38016423152541,80.61386894677092,80.84886799586047,81.08779692568869,81.32722807678583,81.56491535645569,81.80121867934218,82.0375662207342
LDC,Least developed countries: UN classification,21.53472515679265,21.923005693919496,22.294362010549136,22.669194323885087,23.04457792090952,23.391514607610578,23.68815559299325,24.004237770476,24.340231907240035,24.68097741404231,25.02714908980269,25.4263301915298,25.848157164891084,26.276675517217647,26.707526525013048,27.15550928385853,27.597564872619195,27.99680498291069,28.48552649084013,28.97803631621538,29.478238035735064,29.98561009299738,30.484641370824114,30.992428991257952,31.51009981391284,32.0367971381432,32.57628331430745,33.12426409871069,33.66672796614631,34.20249209698374,34.740922878531336,35.28907286912928,35.84971357752923,36.41296989674945,36.98010864924374
LIC,Low income,26.886204058829176,27.26354037863313,27.63717058444136,28.001211258024465,28.36772062855924,28.69918782947828,28.89494587255764,29.12799212591068,29.39157944466062,29.65860888397481,29.935146045633235,30.215251641344004,30.46770997669485,30.69930136906764,30.947789012313937,31.22791581471587,31.5329474817188,31.771059624382204,32.113332343366395,32.42780671029202,32.76597899148463,33.03596820381148,33.261031023794494,33.47002577279792,33.70055548371135,34.054379139974714,34.4561050366558,34.882158503248725,35.30889647157899,35.74482542301664,36.19183889138678,36.6549434168564,37.14203805829288,37.633883354408056,38.129659555238426
LIE,Liechtenstein,16.928,16.821,16.736,16.651,16.566,16.482,16.29,15.994,15.702,15.414,15.13,14.962,14.906,14.85,14.795,14.739,14.684,14.629,14.574,14.519,14.464,14.41,14.367,14.334,14.313,14.303,14.303,14.315,14.338,14.371,14.416,14.471,14.538,14.617,14.707
LKA,Sri Lanka,18.535,18.52,18.504,18.489,18.473,18.458,18.442,18.427,18.411,18.396,18.38,18.365,18.349,18.334,18.319,18.303,18.288,18.272,18.257,18.242,18.226,18.211,18.196,18.198,18.218,18.256,18.311,18.384,18.476,18.585,18.713,18.86,19.026,19.211,19.416
LMC,Lower middle income,28.21224919296967,28.5082120032167,28.779130346455894,29.04367275382272,29.30720144664914,29.562317086295423,29.82174455575151,30.08631213853091,30.3542734370188,30.62379144218672,30.899888880933634,31.22799170337363,31.60491501598402,31.9890497034069,32.37741693189607,32.77480105720844,33.17845757403193,33.58626238676992,33.99454128124357,34.407393748187566,34.82696736023171,35.25599880899182,35.68876621480808,36.14574834047988,36.61426482333432,37.07723249493319,37.534973465889074,37.99700088699792,38.46882369599195,38.94832919529998,39.43697279287626,39.93772202403248,40.45163752488818,40.97714843910297,41.509286778332765
LMY,Low & middle income,34.2088657153317,34.718945756839936,35.22360367648975,35.72352101639776,36.223953080660536,36.72054188188861,37.21072717777623,37.70640589470656,38.20975114608844,38.71673898624889,39.23385171049749,39.80201320552938,40.41390222658269,41.03012521555462,41.65302565689932,42.280992634514206,42.89704572275038,43.494597825008405,44.10564702717711,44.71459627533493,45.32301622088331,45.90052297822476,46.46802854012338,47.04583337238624,47.62532589655207,48.2084210510769,48.786126076960784,49.36181302641437,49.93173640271091,50.49108802680352,51.03586921150887,51.57273522218027,52.100641799849065,52.61804008316303,53.135598598877856
LSO,Lesotho,13.967,14.527,15.106,15.703,16.319,16.955,17.571,18.049,18.538,19.038,19.548,20.067,20.597,21.137,21.689,22.249,22.82,23.304,23.796,24.293,24.798,25.31,25.704,26.101,26.502,26.908,27.317,27.73,28.153,28.585,29.028,29.48,29.943,30.415,30.897
LTE,Late-demographic dividend,38.81425319363288,39.43687582416512,40.09005886265742,40.74177072751666,41.40225554411672,42.0686755230577,42.74809691006009,43.44296969956444,44.15360866345571,44.87932130204239,45.62783358269019,46.50170675804407,47.44859955213056,48.41269706411635,49.391286122506834,50.38087154301783,51.35470198652785,52.32378736890317,53.298135199523394,54.27080570621813,55.2420765130508,56.16112311646955,57.05820095310083,57.96979148041965,58.86877958848743,59.76017545696784,60.64460484294912,61.51963246044826,62.37742634898624,63.21815475850498,64.03296966318617,64.81815587396383,65.6035316403987,66.37035491356258,67.11570813067654
LTU,Lithuania,67.583,67.523,67.464,67.404,67.345,67.285,67.225,67.166,67.106,67.046,66.986,66.919,66.828,66.737,66.646,66.635,66.706,66.777,66.848,66.842,66.757,66.741,66.864,66.986,67.108,67.23,67.366,67.516,67.679,67.855,68.046,68.249,68.465,68.694,68.936
LUX,Luxembourg,80.947,81.13,81.528,81.857,82.482,82.893,82.825,82.779,82.893,83.448,84.216,84.843,85.299,85.743,86.177,86.598,87.009,87.409,87.8,88.178,88.547,88.906,89.249,89.574,89.884,90.179,90.46,90.727,90.981,91.223,91.453,91.672,91.881,92.078,92.266
LVA,Latvia,69.25,69.201,68.852,68.799,68.901,68.75,68.65,68.6,68.451,68.22,68.067,67.95,67.85,67.8,67.9,68.0,67.967,67.9,67.834,67.814,67.841,67.869,67.897,67.925,67.952,67.98,68.021,68.075,68.142,68.222,68.315,68.421,68.54,68.671,68.815
MAC,"Macao SAR, China",99.763,99.805,99.839,99.867,99.891,99.91,99.98,100.0,100.0,100.0,100.0,100.0,100.0,100.0,100.0,100.0,100.0,100.0,100.0,100.0,100.0,100.0,100.0,100.0,100.0,100.0,100.0,100.0,100.0,100.0,100.0,100.0,100.0,100.0,100.0
MAR,Morocco,48.391,49.117,49.844,50.569,51.295,51.692,52.022,52.35,52.678,53.007,53.335,53.662,53.99,54.317,54.644,55.174,55.746,56.317,56.886,57.452,58.018,58.581,59.142,59.7,60.256,60.809,61.36,61.908,62.453,62.994,63.532,64.065,64.596,65.121,65.643
MCO,Monaco,100.0,100.0,100.0,100.0,100.0,100.0,100.0,100.0,100.0,100.0,100.0,100.0,100.0,100.0,100.0,100.0,100.0,100.0,100.0,100.0,100.0,100.0,100.0,100.0,100.0,100.0,100.0,100.0,100.0,100.0,100.0,100.0,100.0,100.0,100.0
MDA,Moldova,46.762,46.669,46.575,46.481,46.387,46.294,46.2,45.797,45.394,44.992,44.589,44.189,43.789,43.389,42.99,42.775,42.744,42.713,42.682,42.651,42.62,42.589,42.558,42.527,42.496,42.49,42.511,42.557,42.629,42.726,42.849,42.998,43.173,43.373,43.599
MDG,Madagascar,23.566,24.119,24.681,25.251,25.536,25.796,26.058,26.321,26.586,26.853,27.121,27.391,27.663,27.936,28.211,28.814,29.425,30.043,30.67,31.301,31.938,32.58,33.227,33.878,34.534,35.193,35.856,36.522,37.191,37.861,38.534,39.207,39.882,40.556,41.231
MDV,Maldives,25.84,25.776,25.713,25.649,25.586,25.638,26.008,26.379,26.755,27.134,27.706,28.859,30.042,31.252,32.49,33.75,34.794,35.2,35.61,36.021,36.434,36.849,37.267,37.685,38.106,38.529,38.954,39.38,39.808,40.238,40.669,41.102,41.536,41.971,42.407
MEA,Middle East and North Africa,45.95686843422786,46.22950078315842,46.57543688890775,46.84215746214751,47.10256122814852,47.35663099477489,47.61033948287045,47.87585908893946,48.1457315226913,48.405814863302304,48.69649882879837,48.9997815875061,49.249075077185566,49.49017169368473,49.77681792068333,50.09715121225452,50.42578556923344,50.75491790847166,51.0673958664026,51.358993558331306,51.57068628071456,51.8030588293785,52.06251977328662,52.40651668913215,52.73688598673441,53.12292490930418,53.465365806693626,53.7232256564093,53.92428292863335,54.142507035976486,54.407438485423526,54.59282258001664,54.96648530933174,55.34501465001466,55.70100041335042
MEX,Mexico,71.419,71.816,72.209,72.598,72.985,73.368,73.67,73.929,74.186,74.441,74.722,75.045,75.365,75.682,75.997,76.308,76.616,76.92,77.222,77.52,77.815,78.111,78.405,78.699,78.993,79.285,79.577,79.867,80.156,80.444,80.731,81.016,81.3,81.582,81.862
MHL,Marshall Islands,65.054,65.392,65.728,66.063,66.396,66.727,67.058,67.385,67.712,68.053,68.58,69.101,69.618,70.13,70.637,71.138,71.635,72.126,72.613,73.093,73.568,74.038,74.498,74.946,75.384,75.811,76.228,76.634,77.031,77.417,77.794,78.162,78.52,78.868,79.208
MIC,Middle income,34.68135001207802,35.20175087517088,35.719352766428855,36.23498069092211,36.750214918768506,37.26381668385192,37.78090109566353,38.30138154911385,38.828585396286186,39.360408246626605,39.90212437968277,40.49915479230416,41.14825111414978,41.80518617568466,42.46816105616406,43.13570171516388,43.79081256229224,44.43223386791961,45.08014975487055,45.72896325057396,46.37602142274175,46.99595156431636,47.608436404347,48.23253913652152,48.85693984428864,49.47629597931815,50.08844680284919,50.69850801821693,51.304970629210246,51.90171129332602,52.482758415132494,53.05422329628024,53.61436344331951,54.16428104347695,54.714158220394616
MKD,North Macedonia,57.789,58.234,58.764,59.291,59.794,59.587,59.38,59.172,58.965,58.757,58.548,58.339,58.13,57.921,57.711,57.532,57.383,57.264,57.175,57.117,57.089,57.092,57.125,57.189,57.284,57.408,57.563,57.748,57.963,58.208,58.482,58.786,59.118,59.479,59.868
MLI,Mali,23.322,23.751,24.186,24.624,25.069,25.519,25.975,26.434,26.948,27.646,28.356,29.075,29.806,30.547,31.3,32.06,32.832,33.612,34.403,35.2,35.999,36.799,37.599,38.398,39.196,39.991,40.783,41.572,42.356,43.136,43.909,44.677,45.437,46.189,46.934
MLT,Malta,90.381,90.497,90.611,90.723,90.835,90.946,91.181,91.492,91.793,92.085,92.368,92.641,92.905,93.16,93.407,93.645,93.784,93.857,93.929,94.001,94.072,94.141,94.211,94.279,94.347,94.414,94.48,94.546,94.612,94.678,94.744,94.81,94.875,94.941,95.006
MMR,Myanmar,25.243,25.418,25.593,25.769,25.946,26.124,26.303,26.482,26.663,26.843,27.025,27.208,27.391,27.575,27.76,27.946,28.132,28.319,28.507,28.695,28.885,29.075,29.266,29.457,29.65,29.858,30.082,30.322,30.579,30.852,31.141,31.448,31.771,32.112,32.47
MNA,Middle East & North Africa (excluding high income),43.80683704320964,44.0795123882118,44.357380969721824,44.59983841408098,44.84970276181104,45.09323018397388,45.32659956848009,45.566981057477214,45.8141394806376,46.05097234569348,46.30970516860534,46.5710236847772,46.77971388548544,46.9843943102949,47.24026603121113,47.52737333196566,47.806266748366696,48.06109754529963,48.30068843524454,48.53805188578286,48.78480076694256,48.96729201178438,49.15831628325656,49.42305716334083,49.7109583002776,50.01731251274037,50.299656741359016,50.55919495286959,50.81324072616229,51.06492703226756,51.31166267697681,51.58272885333186,51.89478372838279,52.21217902966124,52.51732315829658
MNE,Montenegro,48.037,49.165,50.218,51.267,52.317,53.365,54.412,55.451,56.488,57.518,58.544,59.559,60.568,61.568,62.127,62.465,62.803,63.139,63.475,63.808,64.14,64.472,64.804,65.137,65.471,65.806,66.141,66.477,66.813,67.15,67.488,67.826,68.164,68.502,68.84
MNG,Mongolia,57.033,56.987,56.942,56.896,56.851,56.805,56.76,56.714,56.669,56.623,57.133,58.222,59.304,60.378,61.443,62.494,63.535,64.564,65.581,66.58,67.567,67.963,68.03,68.097,68.163,68.23,68.297,68.363,68.445,68.543,68.657,68.785,68.93,69.089,69.263
MNP,Northern Mariana Islands,89.731,89.697,89.662,89.627,89.592,89.557,89.655,89.784,89.912,90.038,90.152,90.235,90.316,90.398,90.478,90.558,90.638,90.716,90.795,90.872,90.949,91.028,91.108,91.19,91.273,91.357,91.443,91.53,91.618,91.708,91.798,91.89,91.983,92.076,92.171
MOZ,Mozambique,25.0,25.487,25.98,26.479,26.984,27.495,28.013,28.535,28.742,28.92,29.098,29.277,29.457,29.637,29.818,29.999,30.182,30.364,30.832,31.328,31.83,32.336,32.846,33.36,33.878,34.4,34.926,35.455,35.988,36.528,37.074,37.628,38.187,38.753,39.326
MRT,Mauritania,39.323,39.199,39.075,38.952,38.829,38.705,38.582,38.459,38.337,38.214,38.091,38.616,39.48,40.351,41.229,42.111,42.998,43.89,44.788,45.686,46.588,47.493,48.4,49.306,50.203,51.089,51.962,52.824,53.672,54.507,55.327,56.133,56.923,57.699,58.458
MUS,Mauritius,43.9,43.777,43.653,43.53,43.407,43.284,43.161,43.038,42.916,42.793,42.67,42.559,42.447,42.335,42.223,42.112,42.0,41.889,41.777,41.666,41.555,41.444,41.332,41.222,41.111,41.0,40.91,40.841,40.793,40.766,40.76,40.775,40.81,40.867,40.944
MWI,Malawi,11.56,11.885,12.218,12.558,12.907,13.263,13.629,14.002,14.384,14.522,14.61,14.698,14.786,14.875,14.964,15.054,15.144,15.235,15.326,15.429,15.544,15.672,15.812,15.966,16.132,16.313,16.506,16.714,16.937,17.174,17.427,17.695,17.98,18.28,18.598
MYS,Malaysia,49.794,50.576,51.814,53.109,54.402,55.688,56.969,58.237,59.496,60.742,61.977,62.922,63.856,64.78,65.694,66.594,67.483,68.36,69.225,70.075,70.912,71.609,72.275,72.93,73.577,74.213,74.84,75.447,76.036,76.607,77.16,77.696,78.214,78.716,79.201
NAC,North America,75.43311288287643,75.79768311465946,76.18055827310513,76.5587731673707,76.93318289352382,77.30300924541844,77.67166084683049,78.04518217938566,78.41547175273855,78.78165797306069,79.10240522198144,79.29460003472785,79.46009167631014,79.62471506173868,79.78921817336196,79.95092043925466,80.11399506471237,80.28521906907723,80.45546537228228,80.62463494650112,80.79190485032993,80.9625825229991,81.12423190144116,81.29031527185225,81.45984695801813,81.63311503797567,81.80890161377718,81.98990522805055,82.17342807829007,82.36215870150536,82.55365468913229,82.75003865417622,82.94790101963014,83.14816942346289,83.35164922881903
NAM,Namibia,27.656,27.919,28.336,28.823,29.316,29.813,30.316,30.823,31.335,31.851,32.373,32.898,33.766,34.709,35.666,36.632,37.61,38.598,39.597,40.601,41.616,42.637,43.693,44.756,45.826,46.9,47.961,49.005,50.032,51.042,52.033,53.005,53.956,54.886,55.795
NCL,New Caledonia,59.577,59.719,59.862,60.004,60.146,60.288,60.475,60.838,61.199,61.559,61.919,62.276,62.632,62.987,63.341,63.965,64.638,65.306,65.969,66.624,67.102,67.565,68.024,68.479,68.931,69.379,69.821,70.256,70.683,71.104,71.518,71.925,72.325,72.719,73.106
NER,Niger,15.368,15.449,15.529,15.61,15.691,15.773,15.855,15.937,16.02,16.103,16.186,16.26,16.255,16.251,16.247,16.242,16.238,16.234,16.229,16.225,16.221,16.216,16.212,16.208,16.219,16.247,16.29,16.35,16.425,16.517,16.626,16.751,16.894,17.054,17.232
NGA,Nigeria,29.68,30.176,30.677,31.182,31.691,32.205,32.725,33.247,33.773,34.304,34.84,35.669,36.508,37.356,38.212,39.074,39.943,40.819,41.702,42.588,43.48,44.366,45.246,46.118,46.982,47.838,48.683,49.519,50.344,51.157,51.958,52.746,53.521,54.283,55.03
NIC,Nicaragua,53.075,53.352,53.63,53.907,54.183,54.437,54.587,54.737,54.886,55.036,55.185,55.335,55.484,55.633,55.782,55.935,56.132,56.328,56.525,56.721,56.917,57.113,57.309,57.505,57.7,57.895,58.09,58.299,58.522,58.76,59.012,59.277,59.556,59.849,60.155
NLD,Netherlands,68.684,69.329,70.223,71.1,71.962,72.809,73.64,74.453,75.25,76.03,76.795,77.83,79.113,80.341,81.514,82.63,83.636,84.539,85.402,86.288,87.134,87.879,88.588,89.187,89.69,90.173,90.635,91.077,91.49,91.876,92.236,92.572,92.886,93.179,93.453
NOR,Norway,71.956,72.265,72.665,73.061,73.453,73.787,74.062,74.476,75.027,75.569,76.02,76.378,76.733,77.084,77.399,77.675,77.95,78.234,78.526,78.815,79.102,79.455,79.874,80.286,80.692,81.091,81.485,81.871,82.248,82.616,82.974,83.323,83.664,83.995,84.318
NPL,Nepal,8.854,9.18,9.582,9.999,10.433,10.883,11.35,11.834,12.336,12.857,13.397,13.947,14.24,14.538,14.841,15.149,15.462,15.781,16.105,16.434,16.768,17.108,17.458,17.815,18.182,18.557,18.942,19.336,19.74,20.153,20.576,21.008,21.451,21.903,22.366
NRU,Nauru,100.0,100.0,100.0,100.0,100.0,100.0,100.0,100.0,100.0,100.0,100.0,100.0,100.0,100.0,100.0,100.0,100.0,100.0,100.0,100.0,100.0,100.0,100.0,100.0,100.0,100.0,100.0,100.0,100.0,100.0,100.0,100.0,100.0,100.0,100.0
NZL,New Zealand,84.742,84.95,85.103,85.254,85.404,85.553,85.7,85.781,85.861,85.941,86.021,86.1,86.161,86.221,86.281,86.341,86.4,86.34,86.28,86.22,86.16,86.1,86.161,86.221,86.281,86.341,86.4,86.466,86.538,86.615,86.699,86.789,86.884,86.985,87.091
OED,OECD members,73.01788919034438,73.30177695912627,73.56623535370825,73.83429191879992,74.10712155420106,74.37844086260723,74.62885186379101,74.87007381412181,75.1106565735509,75.35196418924623,75.59197739213236,75.94275424966997,76.34686135583361,76.73132804570893,77.10074156645538,77.45600447513013,77.78482927673456,78.10132571198152,78.40214019420863,78.6937274093909,78.9786810675555,79.20343290707974,79.4011845423572,79.60093034470647,79.79929680787095,79.99744297396641,80.19810659267164,80.40187504802236,80.60558202502787,80.8158684349034,81.03276533246296,81.25131482852639,81.46567729548357,81.68662811373805,81.91248250163098
OMN,Oman,66.102,67.796,69.447,71.044,71.688,71.669,71.649,71.629,71.609,71.589,71.569,71.549,71.529,71.509,71.827,72.4,72.967,73.527,74.08,74.624,75.161,76.183,77.564,78.882,80.145,81.35,82.5,83.56,84.539,85.443,86.276,87.044,87.75,88.4,88.998
OSS,Other small states,49.71870740166892,49.9599936440207,50.055983522668605,50.12547959013553,50.28934304429294,50.4740098450274,50.62487858663279,50.788593104478586,50.93263985991815,51.47437608079914,51.97200025632806,52.03311520869123,52.08902599403284,52.21423517596719,52.38525514617167,52.53226136419589,52.6416635820601,52.74755166436556,52.88499488945596,53.02063497287928,53.1452622797676,53.25753727757195,53.39429153861219,53.554042630812,53.73305400389951,53.92859916409594,54.13123272427299,54.3571454093448,54.604827621262885,54.86028625937324,55.07963034026711,55.271772715976034,55.55970276702781,55.899973824451145,56.21947458686999
PAK,Pakistan,30.576,30.826,31.077,31.329,31.582,31.836,32.092,32.348,32.585,32.783,32.982,33.18,33.38,33.58,33.781,33.982,34.184,34.387,34.59,34.793,34.997,35.202,35.408,35.613,35.819,36.026,36.234,36.442,36.666,36.907,37.165,37.44,37.731,38.04,38.365
PAN,Panama,53.903,54.757,55.609,56.456,57.301,58.141,58.978,59.807,60.632,61.451,62.198,62.497,62.794,63.091,63.387,63.682,63.976,64.268,64.56,64.851,65.14,65.437,65.741,66.052,66.371,66.696,67.027,67.365,67.709,68.059,68.414,68.775,69.141,69.512,69.888
PER,Peru,68.901,69.3,69.697,70.089,70.521,70.951,71.377,71.798,72.216,72.631,73.042,73.448,73.85,74.249,74.644,75.034,75.421,75.803,76.052,76.241,76.43,76.617,76.804,76.989,77.173,77.357,77.539,77.72,77.907,78.099,78.297,78.5,78.708,78.922,79.139
PHL,Philippines,46.986,46.901,46.815,46.73,46.645,46.56,46.475,46.39,46.305,46.22,46.135,46.05,45.965,45.88,45.795,45.71,45.625,45.54,45.455,45.371,45.332,45.522,45.712,45.903,46.093,46.284,46.475,46.682,46.907,47.149,47.408,47.684,47.977,48.287,48.614
PLW,Palau,69.593,69.966,70.337,70.704,71.069,71.431,71.306,71.066,70.825,70.582,70.338,70.093,69.847,69.6,70.383,71.152,71.91,72.655,73.389,74.109,74.817,75.511,76.194,76.862,77.517,78.159,78.775,79.365,79.93,80.47,80.988,81.483,81.956,82.408,82.839
PNG,Papua New Guinea,14.994,14.816,14.629,14.445,14.262,14.081,13.901,13.724,13.549,13.375,13.204,13.182,13.164,13.146,13.127,13.109,13.091,13.073,13.055,13.037,13.019,13.0,12.982,12.978,12.988,13.012,13.05,13.102,13.169,13.25,13.345,13.456,13.582,13.723,13.88
POL,Poland,61.27,61.315,61.359,61.404,61.449,61.493,61.538,61.583,61.627,61.672,61.716,61.761,61.787,61.676,61.564,61.452,61.341,61.229,61.116,61.004,60.892,60.78,60.654,60.529,60.403,60.278,60.178,60.105,60.058,60.037,60.043,60.075,60.134,60.218,60.33
PRE,Pre-demographic dividend,28.364597288507653,28.76730272286082,29.18340806278209,29.6195818445718,29.98632181747368,30.31756448861502,30.6700650158109,31.04385267052865,31.417612789486995,31.79020573875289,32.17219849700768,32.632873084944,33.0841834674422,33.55198161602764,34.03735836312904,34.543738701363395,35.00977868429137,35.40982285152003,35.92847636394587,36.46501535504272,37.00955987677318,37.56225628169692,38.11247332849271,38.6701372020105,39.22260035457826,39.77710890252309,40.3354760263504,40.89483519962841,41.44390411613441,41.984236231609295,42.52664981566576,43.078935022666585,43.64187013675173,44.19726821064472,44.74952409871053
PRI,Puerto Rico,92.942,93.106,93.267,93.424,93.578,93.729,93.876,94.02,94.161,94.298,94.387,94.333,94.278,94.224,94.168,94.112,94.056,93.999,93.942,93.884,93.825,93.773,93.726,93.686,93.651,93.624,93.602,93.587,93.578,93.576,93.581,93.592,93.61,93.634,93.664
PRK,"Korea, Dem. People's Rep.",58.384,58.531,58.679,58.826,58.939,59.018,59.097,59.176,59.255,59.334,59.412,59.491,59.57,59.648,59.727,59.805,59.884,59.962,60.04,60.195,60.377,60.557,60.738,60.918,61.098,61.277,61.471,61.678,61.899,62.134,62.381,62.642,62.916,63.203,63.503
PRT,Portugal,47.915,48.469,49.13,49.789,50.449,51.109,51.77,52.428,53.086,53.743,54.399,55.044,55.666,56.287,56.907,57.522,58.137,58.749,59.359,59.964,60.567,61.167,61.763,62.352,62.936,63.514,64.086,64.652,65.211,65.764,66.31,66.849,67.381,67.906,68.423
PRY,Paraguay,48.694,49.439,50.186,50.844,51.488,52.131,52.774,53.414,54.054,54.693,55.331,55.966,56.6,56.977,57.305,57.633,57.96,58.286,58.612,58.937,59.261,59.584,59.907,60.197,60.474,60.75,61.026,61.3,61.585,61.879,62.183,62.496,62.818,63.149,63.489
PSE,West Bank and Gaza,67.709,68.219,68.726,69.227,69.724,70.216,70.705,71.187,71.524,71.747,71.969,72.189,72.409,72.627,72.845,73.061,73.276,73.491,73.704,73.923,74.149,74.381,74.619,74.863,75.113,75.368,75.628,75.894,76.164,76.44,76.719,77.003,77.291,77.582,77.877
PSS,Pacific island small states,31.44760924911875,31.806252565179285,32.15501730113084,32.490634184101864,32.82023513064647,33.12436457753833,33.45694504610292,33.68656256593279,33.90529475040796,34.12662393032976,34.390734231058126,34.65803344260805,34.88797936068474,35.11604485068322,35.35986786840394,35.60356702099374,35.86821862218101,36.14782567452428,36.4569424667487,36.76273092868989,37.01336020108334,37.21220946322955,37.400177553781496,37.58252079980495,37.76325666828754,37.94183627277146,38.11715671076772,38.27936209894904,38.43173185657486,38.60802668243627,38.81851163773607,39.03808109410309,39.271468678476936,39.51956133665325,39.76896489176912
PST,Post-demographic dividend,74.0592585969535,74.31295293156639,74.5658273746552,74.82156973663017,75.07988494418198,75.33310461721607,75.56785451500105,75.7895144183213,76.0130119558807,76.23640617279088,76.45174765012784,76.79657198221355,77.20219572727748,77.59036955899076,77.96608265406698,78.32847060009853,78.65920920237197,78.97186907164779,79.2742259442169,79.56295249741898,79.84008129557421,80.04860927715276,80.22283501057441,80.3979335311433,80.57193727284357,80.74676337388527,80.92337280945209,81.10333176711386,81.28421822789335,81.47494962684613,81.66270374232069,81.84936028331997,82.07387868853856,82.30884149124,82.50802689547334
PYF,French Polynesia,57.852,57.61,57.367,57.124,56.881,56.637,56.393,56.285,56.205,56.126,56.047,55.967,55.888,56.242,56.831,57.417,58.002,58.585,59.166,59.742,60.317,60.889,61.459,61.583,61.633,61.683,61.734,61.784,61.834,61.897,61.975,62.066,62.17,62.288,62.42
QAT,Qatar,92.786,93.291,93.763,94.203,94.614,94.998,95.356,95.659,95.888,96.105,96.311,96.506,96.692,96.868,97.09,97.396,97.671,97.917,98.139,98.336,98.501,98.602,98.697,98.785,98.868,98.945,99.015,99.078,99.135,99.188,99.235,99.278,99.318,99.354,99.387
ROU,Romania,53.217,53.93,54.227,54.074,53.922,53.769,53.616,53.463,53.311,53.158,53.004,52.852,52.78,52.912,53.043,53.174,53.305,53.436,53.567,53.698,53.829,53.96,53.974,53.937,53.9,53.887,53.9,53.936,53.998,54.084,54.194,54.329,54.489,54.672,54.88
RUS,Russian Federation,73.394,73.389,73.385,73.381,73.376,73.372,73.367,73.363,73.359,73.354,73.35,73.346,73.341,73.373,73.418,73.463,73.508,73.553,73.598,73.642,73.687,73.732,73.791,73.863,73.95,74.05,74.164,74.292,74.433,74.587,74.754,74.934,75.126,75.331,75.548
RWA,Rwanda,5.416,5.491,6.288,7.313,8.49,9.837,11.374,12.466,13.244,14.064,14.926,15.829,16.777,16.904,16.908,16.912,16.917,16.921,16.925,16.93,16.934,16.938,16.943,16.947,16.967,17.004,17.056,17.125,17.211,17.313,17.432,17.568,17.721,17.892,18.081
SAS,South Asia,24.47500478204506,24.729236335367474,24.951833568711244,25.175892132602545,25.402113973997285,25.628864834486908,25.858598248170008,26.08984925349481,26.322900232518567,26.5576573063564,26.794599082607085,27.077422014962806,27.43689383875872,27.79998125017331,28.16743562263984,28.536979721247963,28.9094695687906,29.28569284274841,29.66553267928856,30.04747894922456,30.43241148107319,30.82099687659552,31.220423108054185,31.636200118314104,32.055608292077885,32.48474206865694,32.924429210651304,33.37605219663007,33.83815235352186,34.3092492591791,34.789155981995854,35.27937068230993,35.78532076364921,36.30768556065275,36.83968844209778
SAU,Saudi Arabia,76.583,77.223,77.851,78.186,78.429,78.67,78.91,79.147,79.383,79.616,79.848,80.077,80.304,80.53,80.754,80.979,81.204,81.427,81.649,81.867,82.084,82.302,82.52,82.74,82.96,83.18,83.401,83.622,83.844,84.065,84.287,84.508,84.729,84.95,85.171
SDN,Sudan,28.61,29.84,31.103,32.127,32.179,32.232,32.284,32.337,32.39,32.442,32.495,32.548,32.601,32.654,32.707,32.76,32.813,32.866,32.919,32.993,33.089,33.207,33.346,33.507,33.689,33.894,34.121,34.37,34.642,34.936,35.253,35.593,35.956,36.342,36.752
SEN,Senegal,38.896,39.038,39.18,39.321,39.464,39.606,39.749,39.891,40.034,40.177,40.32,40.464,40.607,40.898,41.306,41.714,42.124,42.535,42.947,43.359,43.773,44.188,44.603,45.019,45.436,45.862,46.296,46.74,47.192,47.653,48.122,48.6,49.086,49.579,50.08
SGP,Singapore,100.0,100.0,100.0,100.0,100.0,100.0,100.0,100.0,100.0,100.0,100.0,100.0,100.0,100.0,100.0,100.0,100.0,100.0,100.0,100.0,100.0,100.0,100.0,100.0,100.0,100.0,100.0,100.0,100.0,100.0,100.0,100.0,100.0,100.0,100.0
SLB,Solomon Islands,13.677,13.87,14.065,14.262,14.462,14.664,14.869,15.076,15.285,15.496,15.813,16.201,16.597,17.001,17.413,17.832,18.259,18.694,19.138,19.589,20.048,20.508,20.97,21.433,21.896,22.36,22.823,23.286,23.749,24.21,24.67,25.128,25.584,26.037,26.488
SLE,Sierra Leone,33.252,33.485,33.72,33.955,34.192,34.429,34.667,34.905,35.144,35.384,35.626,35.867,36.109,36.352,36.596,36.919,37.303,37.689,38.077,38.466,38.856,39.248,39.642,40.036,40.432,40.829,41.228,41.636,42.055,42.484,42.923,43.372,43.831,44.3,44.779
SLV,El Salvador,49.274,49.794,50.315,51.417,52.704,53.988,55.268,56.537,57.8,58.357,58.912,59.464,60.014,60.561,61.107,61.648,62.187,62.774,63.678,64.57,65.452,66.325,67.187,68.036,68.874,69.7,70.501,71.275,72.023,72.746,73.444,74.118,74.767,75.393,75.996
SMR,San Marino,90.4,90.4,90.4,90.839,91.261,91.664,92.052,92.422,92.776,93.115,93.44,93.75,93.925,93.975,94.155,94.453,94.736,95.007,95.264,95.508,95.74,95.961,96.171,96.37,96.559,96.739,96.91,97.072,97.226,97.368,97.499,97.62,97.732,97.836,97.932
SOM,Somalia,29.658,30.007,30.359,30.711,31.067,31.425,31.785,32.147,32.511,32.878,33.247,33.617,33.99,34.756,35.531,36.311,37.1,34.404,36.011,37.645,39.31,41.0,41.558,42.117,42.679,43.245,43.816,44.391,44.971,45.554,46.141,46.731,47.324,47.92,48.519
SRB,Serbia,50.393,50.756,50.981,51.204,51.428,51.651,51.875,52.098,52.322,52.545,52.769,52.992,53.215,53.437,53.661,53.883,54.105,54.328,54.55,54.772,54.993,55.215,55.356,55.469,55.583,55.696,55.81,55.942,56.092,56.26,56.446,56.651,56.873,57.113,57.371
SSA,Sub-Saharan Africa (excluding high income),29.081091475511386,29.562985143154847,30.0345045874746,30.499869438432707,30.953973542469264,31.373330254545483,31.73299301142372,32.11068710609582,32.5022486523755,32.89371663329442,33.28189718278961,33.74209936836396,34.21457393623385,34.68872539887967,35.16684765367929,35.66153047749557,36.15249512812184,36.59443275762055,37.11258703115848,37.63385176872679,38.162931750941446,38.69923158982732,39.22586097751499,39.756941744971954,40.300415437977136,40.85931034993673,41.40689122649333,41.95425286012088,42.50542544185571,43.04870849125222,43.5952496876917,44.14455137512369,44.69568894728469,45.24276488669494,45.79109557919282
SSD,South Sudan,13.276,14.074,14.912,15.626,15.749,15.873,15.997,16.123,16.249,16.376,16.504,16.632,16.761,16.891,17.023,17.154,17.287,17.42,17.555,17.701,17.86,18.032,18.217,18.415,18.626,18.852,19.092,19.346,19.615,19.899,20.199,20.514,20.846,21.195,21.56
SSF,Sub-Saharan Africa,27.58054366062088,28.01583554686464,28.44271567065737,28.87556669329345,29.2972967250936,29.68281371803572,30.014279257773804,30.362615318896548,30.72523453404737,31.08804970872003,31.44883378264164,31.87522139982744,32.312987778438085,32.75266793508945,33.19683450106021,33.65681308663095,34.11424216295262,34.52964167634258,35.03255609120007,35.539838847721725,36.05508911977145,36.57694293168255,37.0916475647346,37.6114270854122,38.14335063839472,38.68945128001783,39.22472367146531,39.75961279785531,40.299816507539205,40.832952597064285,41.36862978615413,41.907643149508296,42.44939693656856,42.98812327940068,43.52871745618794
SST,Small states,47.16839110118025,47.40645300845297,47.51521653577559,47.60040891200014,47.75109531822373,47.914117443198606,48.06819694436041,48.21698091361411,48.35071653545927,48.71383551084538,49.05598347746378,49.12991035901606,49.18657621329408,49.27492801368567,49.38594459277997,49.46042984953718,49.53776596204558,49.61912022249662,49.7266374936188,49.83226927697015,49.9238962017502,50.005682863859015,50.11169442468004,50.230136980964815,50.36464364393909,50.51300468489839,50.66765841472719,50.839889209862704,51.00837430100622,51.202840450795925,51.40050172222831,51.57036511379174,51.81585576659787,52.09990766952158,52.37231280511504
STP,Sao Tome and Principe,43.648,44.793,45.764,46.717,47.673,48.631,49.592,50.55,51.509,52.467,53.424,54.377,55.555,56.766,57.972,59.165,60.348,61.52,62.68,63.823,64.952,66.064,67.16,68.208,69.213,70.174,71.092,71.968,72.803,73.598,74.354,75.073,75.755,76.401,77.014
SUR,Suriname,65.706,65.78,65.854,65.928,66.002,66.076,66.15,66.223,66.297,66.371,66.444,66.517,66.591,66.664,66.737,66.682,66.615,66.547,66.479,66.412,66.344,66.276,66.208,66.14,66.089,66.056,66.04,66.041,66.06,66.095,66.149,66.219,66.307,66.411,66.533
SVK,Slovak Republic,56.491,56.78,56.719,56.659,56.598,56.537,56.476,56.416,56.355,56.294,56.233,56.163,56.013,55.863,55.713,55.563,55.412,55.261,55.111,54.96,54.685,54.42,54.28,54.14,54.0,53.889,53.806,53.751,53.726,53.729,53.76,53.82,53.909,54.027,54.172
SVN,Slovenia,50.39,50.517,50.543,50.569,50.596,50.622,50.649,50.675,50.701,50.728,50.754,50.78,50.857,51.082,51.308,51.533,51.758,51.983,52.209,52.433,52.658,52.883,53.108,53.332,53.557,53.781,54.02,54.273,54.541,54.822,55.118,55.427,55.751,56.088,56.438
SWE,Sweden,83.1,83.204,83.361,83.516,83.671,83.824,83.914,83.942,83.97,83.998,84.026,84.071,84.133,84.196,84.258,84.319,84.43,84.588,84.746,84.902,85.056,85.297,85.62,85.936,86.247,86.553,86.852,87.146,87.431,87.708,87.977,88.238,88.492,88.738,88.976
SWZ,Eswatini,20.202,20.607,21.018,21.434,21.857,22.286,22.722,23.081,22.949,22.817,22.686,22.555,22.425,22.296,22.166,22.038,21.91,21.829,22.045,22.262,22.48,22.7,22.849,22.999,23.149,23.3,23.459,23.625,23.799,23.981,24.171,24.369,24.576,24.79,25.013
SXM,Sint Maarten (Dutch part),100.0,100.0,100.0,100.0,100.0,100.0,100.0,100.0,100.0,100.0,100.0,100.0,100.0,100.0,100.0,100.0,100.0,100.0,100.0,100.0,100.0,100.0,100.0,100.0,100.0,100.0,100.0,100.0,100.0,100.0,100.0,100.0,100.0,100.0,100.0
SYC,Seychelles,49.27,49.307,49.362,49.435,49.525,49.633,49.758,49.901,50.061,50.238,50.433,50.646,50.876,51.123,51.388,51.67,51.969,52.285,52.619,52.969,53.336,53.72,54.12,54.537,54.969,55.4,55.831,56.261,56.691,57.119,57.546,57.972,58.396,58.82,59.242
SYR,Syrian Arab Republic,48.931,49.139,49.347,49.555,49.764,50.104,50.473,50.841,51.21,51.578,51.947,52.314,52.682,53.049,53.417,53.782,54.146,54.511,54.875,55.237,55.6,54.58,53.555,52.529,51.5,52.168,52.835,53.5,54.162,54.821,55.475,56.124,56.769,57.409,58.044
TCA,Turks and Caicos Islands,74.343,75.537,76.694,77.81,78.888,79.928,80.93,81.89,82.814,83.7,84.55,85.362,86.007,86.608,87.188,87.745,88.281,88.797,89.294,89.77,90.228,90.668,91.09,91.483,91.851,92.195,92.517,92.817,93.098,93.36,93.605,93.834,94.047,94.247,94.433
TCD,Chad,20.811,21.023,21.235,21.408,21.44,21.473,21.506,21.538,21.571,21.604,21.637,21.67,21.702,21.735,21.768,21.801,21.834,21.868,21.901,21.934,21.985,22.054,22.142,22.248,22.372,22.515,22.677,22.858,23.059,23.279,23.52,23.781,24.063,24.366,24.691
TEA,East Asia & Pacific (IDA & IBRD),27.755294134911622,28.541972293358867,29.35160731714131,30.17381458329553,31.0089317356348,31.85685638032383,32.72112693899806,33.59497305396468,34.48476166749818,35.389117096004924,36.31752274181316,37.3590499504852,38.48086279837758,39.61480303993973,40.759747821270935,41.90921316686663,43.03107715812335,44.13742840358444,45.248156098852455,46.360132326350175,47.474518634392254,48.524049374208055,49.54764568914396,50.5648235001956,51.57904396006459,52.58804152023574,53.59250537149256,54.5887621075747,55.56145854481535,56.50710027161606,57.42391142724328,58.31260383463843,59.17574357462389,60.00988523514152,60.81841863247056
TEC,Europe & Central Asia (IDA & IBRD),62.70937985493509,62.86086781345404,62.96100221815277,63.03723902720756,63.109311937696894,63.18061389404173,63.24397677413576,63.31303263741896,63.3905913772922,63.47127676337018,63.56174004854204,63.67501371374824,63.80853595306615,63.95848836454128,64.11679908261921,64.27927055258984,64.44418691812527,64.61329751118464,64.79104705673545,64.96526733885676,65.1362336538206,65.28968348471514,65.42089651181031,65.54931929563035,65.68218347224082,65.82031577012675,65.96720376923979,66.1211888619255,66.2842724108461,66.45781573835524,66.63776759141236,66.82703653884667,67.0058080559943,67.18129449979378,67.39004742715694
TGO,Togo,28.589,29.005,29.425,29.848,30.275,30.705,31.139,31.576,32.016,32.46,32.907,33.356,33.809,34.265,34.724,35.185,35.649,36.116,36.587,37.058,37.533,38.032,38.546,39.061,39.579,40.1,40.628,41.162,41.702,42.248,42.8,43.358,43.921,44.49,45.064
THA,Thailand,29.424,29.593,29.763,29.934,30.105,30.276,30.449,30.622,30.795,30.969,31.386,32.548,33.734,34.941,36.169,37.411,38.673,39.95,41.242,42.543,43.856,44.698,45.445,46.193,46.943,47.694,48.448,49.2,49.949,50.692,51.43,52.163,52.889,53.608,54.32
TJK,Tajikistan,31.658,31.09,30.527,29.972,29.421,28.877,28.338,27.806,27.28,26.76,26.501,26.503,26.505,26.507,26.508,26.51,26.512,26.514,26.516,26.518,26.52,26.521,26.545,26.589,26.655,26.742,26.851,26.982,27.134,27.309,27.506,27.726,27.968,28.234,28.523
TKM,Turkmenistan,45.075,44.99,44.904,44.819,44.734,44.794,45.018,45.241,45.465,45.689,45.913,46.137,46.362,46.587,46.812,47.052,47.308,47.581,47.868,48.172,48.491,48.825,49.175,49.541,49.921,50.317,50.728,51.153,51.593,52.048,52.516,52.998,53.494,54.003,54.524
TLA,Latin America & Caribbean (IDA & IBRD),70.44347570368483,70.97566836985628,71.48766266712776,71.98649179753589,72.49093043705992,72.98985273760768,73.46551611169487,73.94917309225472,74.42751534203376,74.88972534414248,75.34802028219005,75.71480075352245,76.05060061188865,76.37899367031974,76.69510451490187,77.00845854041279,77.31675143134076,77.6204543475109,77.91714679549337,78.20594423082332,78.49279597942851,78.77588239101328,79.05030995362975,79.32010894345686,79.58862927504187,79.85459610408896,80.11481174077056,80.36678913840653,80.60774079592801,80.84683325168264,81.09016570495328,81.33343209559244,81.57500580816459,81.81439933208907,82.0533140211896
TLS,Timor-Leste,20.842,21.215,21.54,21.867,22.199,22.534,22.873,23.215,23.561,23.91,24.263,24.619,24.979,25.343,25.71,26.041,26.374,26.709,27.048,27.389,27.732,28.079,28.428,28.779,29.133,29.49,29.85,30.212,30.578,30.947,31.32,31.695,32.074,32.456,32.842
TMN,Middle East & North Africa (IDA & IBRD),43.6752516754811,43.94436974156998,44.2185730852561,44.45699804190015,44.70259288724954,44.9415847793744,45.1701388537496,45.40558334086659,45.65178952936435,45.88830054425231,46.14672501125612,46.40770396312174,46.61566532613792,46.819670048026055,47.07530599128185,47.36240273537429,47.64124902728592,47.89571976668657,48.13450783059768,48.37122596938206,48.61738220289223,48.7988261588752,48.98874520495836,49.25278044837428,49.54007753727255,49.84578224259344,50.1272231726775,50.38617732292146,50.63876625277331,50.88900371109779,51.13421150263429,51.4038422701024,51.7147486556237,52.031142043583856,52.33517912762768
TON,Tonga,22.704,22.736,22.768,22.8,22.832,22.864,22.897,22.927,22.955,22.984,23.012,23.041,23.069,23.098,23.127,23.155,23.184,23.227,23.281,23.335,23.389,23.443,23.435,23.382,23.328,23.275,23.222,23.169,23.131,23.107,23.099,23.104,23.125,23.16,23.21
TSA,South Asia (IDA & IBRD),24.475004782045065,24.729236335367474,24.951833568711244,25.175892132602545,25.40211397399728,25.628864834486905,25.85859824817001,26.08984925349481,26.322900232518567,26.5576573063564,26.79459908260708,27.077422014962806,27.43689383875871,27.79998125017332,28.16743562263984,28.536979721247963,28.9094695687906,29.28569284274841,29.66553267928856,30.04747894922456,30.43241148107319,30.82099687659552,31.220423108054185,31.636200118314104,32.055608292077885,32.48474206865694,32.92442921065131,33.37605219663007,33.83815235352186,34.3092492591791,34.789155981995854,35.27937068230993,35.78532076364921,36.30768556065275,36.83968844209778
TSS,Sub-Saharan Africa (IDA & IBRD),27.58054366062088,28.01583554686464,28.44271567065737,28.87556669329345,29.2972967250936,29.682813718035707,30.01427925777382,30.362615318896548,30.725234534047363,31.08804970872003,31.44883378264164,31.87522139982744,32.31298777843809,32.752667935089455,33.196834501060216,33.65681308663096,34.11424216295262,34.529641676342585,35.03255609120008,35.539838847721725,36.05508911977146,36.57694293168255,37.0916475647346,37.61142708541219,38.14335063839472,38.68945128001782,39.224723671465306,39.75961279785531,40.299816507539205,40.83295259706429,41.36862978615413,41.90764314950829,42.44939693656856,42.98812327940068,43.528717456187934
TTO,Trinidad and Tobago,54.124,54.308,54.491,54.674,54.857,55.04,55.224,55.406,55.589,55.771,55.905,55.718,55.53,55.343,55.155,54.967,54.779,54.59,54.402,54.213,54.025,53.836,53.671,53.53,53.413,53.319,53.25,53.205,53.184,53.187,53.214,53.265,53.34,53.439,53.562
TUN,Tunisia,57.946,58.756,59.562,60.362,61.078,61.474,61.87,62.262,62.653,63.043,63.432,63.818,64.202,64.585,64.95,65.237,65.524,65.809,66.093,66.376,66.657,66.938,67.218,67.495,67.772,68.056,68.346,68.642,68.945,69.254,69.568,69.888,70.214,70.544,70.88
TUR,Turkiye,59.203,59.976,60.518,61.055,61.59,62.123,62.653,63.179,63.703,64.223,64.741,65.34,65.974,66.602,67.225,67.84,68.45,69.053,69.651,70.241,70.825,71.402,71.974,72.531,73.077,73.611,74.134,74.644,75.143,75.63,76.105,76.569,77.022,77.463,77.893
TUV,Tuvalu,40.661,41.991,42.751,43.156,43.563,43.97,44.379,44.787,45.197,45.607,46.018,46.429,46.841,47.656,48.678,49.699,50.721,51.743,52.765,53.782,54.796,55.807,56.815,57.814,58.786,59.73,60.645,61.53,62.387,63.215,64.014,64.785,65.527,66.241,66.928
TZA,Tanzania,18.884,19.208,19.536,19.867,20.203,20.543,20.888,21.237,21.59,21.947,22.309,22.674,23.044,23.611,24.223,24.845,25.478,26.121,26.776,27.439,28.114,28.798,29.493,30.196,30.904,31.617,32.333,33.053,33.776,34.5,35.227,35.954,36.682,37.409,38.136
UGA,Uganda,11.076,11.454,11.79,12.133,12.485,12.846,13.216,13.594,13.982,14.379,14.786,15.201,15.626,16.061,16.507,16.96,17.425,17.899,18.384,18.878,19.383,19.898,20.424,20.958,21.504,22.06,22.624,23.196,23.774,24.361,24.954,25.553,26.159,26.771,27.389
UKR,Ukraine,66.757,66.796,66.835,66.874,66.912,66.951,66.99,67.029,67.067,67.106,67.145,67.183,67.283,67.427,67.597,67.79,67.969,68.147,68.325,68.502,68.596,68.689,68.782,68.875,68.968,69.061,69.154,69.246,69.352,69.473,69.608,69.757,69.919,70.095,70.284
UMC,Upper middle income,39.97760581569979,40.72798940207786,41.49975256612989,42.28140711579368,43.068341448619854,43.86451086814992,44.667923484769744,45.47796343861957,46.30384727003506,47.14319546397122,48.0028485838759,48.92901852916456,49.9147948276724,50.91259679282763,51.92250009597437,52.93419245010537,53.92297823022256,54.89449045921304,55.874406102503166,56.85338369828974,57.828863878713776,58.73976947930896,59.621376611654,60.498147889737886,61.371170958636256,62.23883619710359,63.10000588148328,63.95071577319897,64.78770263966204,65.60444513575911,66.39567753593299,67.16437695635423,67.91261192251709,68.63944700634922,69.34604650739355
URY,Uruguay,88.973,89.304,89.627,89.94,90.245,90.542,90.835,91.147,91.45,91.743,92.028,92.303,92.569,92.828,93.078,93.319,93.553,93.779,93.998,94.209,94.414,94.612,94.739,94.843,94.945,95.045,95.144,95.24,95.334,95.426,95.515,95.603,95.688,95.771,95.852
USA,United States,75.3,75.701,76.097,76.488,76.875,77.257,77.636,78.008,78.377,78.742,79.057,79.234,79.409,79.583,79.757,79.928,80.099,80.269,80.438,80.606,80.772,80.944,81.119,81.299,81.483,81.671,81.862,82.058,82.256,82.459,82.664,82.873,83.084,83.298,83.515
UZB,Uzbekistan,41.365,41.836,42.308,42.78,43.255,43.731,44.208,44.685,45.164,45.644,46.126,46.606,47.088,47.571,48.054,48.537,49.021,49.505,49.989,50.472,50.956,51.15,51.05,50.95,50.85,50.75,50.65,50.55,50.478,50.433,50.416,50.427,50.466,50.532,50.626
VCT,St. Vincent and the Grenadines,41.409,41.949,42.306,42.663,43.021,43.38,43.741,44.1,44.461,44.823,45.186,45.548,45.914,46.283,46.656,47.032,47.412,47.794,48.18,48.569,48.961,49.356,49.754,50.154,50.558,50.964,51.373,51.784,52.198,52.614,53.032,53.452,53.875,54.299,54.725
VEN,"Venezuela, RB",84.284,84.664,85.012,85.352,85.686,86.014,86.336,86.65,86.959,87.262,87.559,87.85,87.876,87.902,87.928,87.954,87.98,88.006,88.031,88.057,88.083,88.108,88.123,88.133,88.144,88.154,88.165,88.183,88.208,88.24,88.279,88.325,88.378,88.438,88.505
VGB,British Virgin Islands,37.814,39.334,39.603,39.872,40.142,40.413,40.684,40.955,41.228,41.5,41.774,42.048,42.328,42.615,42.909,43.21,43.517,43.831,44.152,44.479,44.814,45.154,45.502,45.856,46.216,46.583,46.957,47.337,47.723,48.116,48.515,48.92,49.331,49.748,50.171
VIR,Virgin Islands (U.S.),87.685,88.285,88.86,89.409,89.934,90.437,90.917,91.374,91.811,92.228,92.586,92.814,93.036,93.251,93.461,93.664,93.861,94.053,94.239,94.419,94.594,94.761,94.919,95.07,95.213,95.35,95.48,95.603,95.721,95.832,95.939,96.04,96.136,96.227,96.314
VNM,Viet Nam,20.257,20.629,21.006,21.387,21.774,22.166,22.563,22.965,23.371,23.817,24.374,24.937,25.511,26.092,26.683,27.281,27.888,28.504,29.128,29.762,30.417,31.08,31.752,32.429,33.115,33.809,34.51,35.213,35.919,36.628,37.34,38.052,38.766,39.48,40.195
VUT,Vanuatu,18.715,18.998,19.285,19.574,19.868,20.164,20.464,20.766,21.073,21.382,21.673,21.953,22.235,22.521,22.809,23.099,23.392,23.687,23.985,24.286,24.462,24.561,24.661,24.761,24.861,24.961,25.062,25.163,25.274,25.394,25.525,25.665,25.816,25.976,26.147
WLD,World,42.98651219411008,43.348158945132354,43.70880090827856,44.06390068065261,44.421845158349136,44.77759468246931,45.12861324941865,45.48416755546633,45.84740444372614,46.21572914992854,46.5947279272757,47.03914209164673,47.530174984812064,48.02430505859545,48.524669301115736,49.02889041979892,49.524325557651295,50.009549288394105,50.50794402593381,50.9982568321664,51.4781088042592,51.92398971579039,52.36533401418336,52.81760022248816,53.27204215273745,53.73725243065329,54.19873595054419,54.65012532136133,55.09288523328064,55.53151780755195,55.96237382616108,56.37527398010475,56.81571540261604,57.26039344951457,57.70063879716383
WSM,Samoa,21.2,21.2,21.258,21.347,21.436,21.526,21.616,21.705,21.796,21.886,21.977,22.068,21.941,21.698,21.457,21.218,20.981,20.75,20.524,20.3,20.078,19.857,19.624,19.385,19.149,18.914,18.681,18.452,18.243,18.056,17.889,17.742,17.616,17.508,17.42
YEM,"Yemen, Rep.",20.931,21.489,22.058,22.636,23.225,23.76,24.249,24.743,25.244,25.752,26.267,26.787,27.315,27.849,28.39,28.936,29.49,30.051,30.619,31.194,31.776,32.364,32.958,33.559,34.165,34.777,35.394,36.016,36.642,37.273,37.908,38.546,39.188,39.831,40.477
ZAF,South Africa,52.037,52.554,53.038,53.521,54.004,54.486,54.967,55.449,55.93,56.411,56.891,57.368,57.898,58.446,58.993,59.536,60.077,60.616,61.154,61.687,62.218,62.746,63.272,63.793,64.312,64.828,65.341,65.85,66.355,66.856,67.354,67.847,68.335,68.819,69.298
ZMB,Zambia,39.407,38.989,38.514,38.042,37.572,37.104,36.638,36.176,35.716,35.258,34.802,35.002,35.475,35.951,36.43,36.911,37.395,37.881,38.371,38.861,39.355,39.851,40.354,40.865,41.382,41.907,42.438,42.976,43.521,44.072,44.629,45.192,45.761,46.335,46.914
ZWE,Zimbabwe,28.988,29.738,30.499,30.94,31.335,31.732,32.132,32.534,32.939,33.347,33.758,34.17,34.585,34.479,34.294,34.11,33.926,33.743,33.56,33.378,33.196,33.015,32.834,32.654,32.504,32.385,32.296,32.237,32.209,32.21,32.242,32.303,32.395,32.517,32.67